UG_COD,UG_DESC,UF
10001,CAMARA DOS DEPUTADOS,DF
10090,FUNDO ROTATIVO DA CAMARA DOS DEPUTADOS,DF
20001,SENADO FEDERAL,DF
30001,TRIBUNAL DE CONTAS DA UNIAO,DF
30002,SECRETARIA DE CONTROLE EXTERNO NO PARA,PA
30006,SECRETARIA CONTROLE EXTERNO NO RIO G DO NORTE,RN
30007,SECRETARIA DE CONTROLE EXTERNO NA PARAIBA,PA
30008,SECRETARIA DE CONTROLE EXTERNO EM PERNAMBUCO,PE
30009,SECRETARIA DE CONTROLE EXTERNO EM ALAGOAS,AL
30010,SECRETARIA DE CONTROLE EXTERNO EM SERGIPE,SE
30011,SECRETARIA DE CONTROLE EXTERNO NA BAHIA,BA
30012,SECRETARIA  CONTROLE EXTERNO EM MINAS GERAIS,MG
30013,SECRETARIA CONTROLE EXTERNO NO ESPIRITO SANTO,ES
30014,SECRETARIA CONTROLE EXTERNO EM MATO G DO SUL,MS
30015,SECRETARIA CONTROLE EXTERNO NO RIO DE JANEIRO,RJ
30016,SECRETARIA DE CONTROLE EXTERNO EM SAO PAULO,SP
30017,SECRETARIA DE CONTROLE EXTERNO NO PARANA,PA
30018,SECRETARIA CONTROLE EXTERNO EM SANTA CATARINA,SC
30019,SECRETARIA CONTROLE EXTERNO NO RIO G DO SUL,RS
30020,SECRETARIA DE CONTROLE EXTERNO NO MATO GROSSO,MT
30021,SECRETARIA DE CONTROLE EXTERNO EM GOIAS,GO
30022,SECRETARIA DE CONTROLE EXTERNO NO AMAZONAS,AM
30023,SECRET.DE CONTROLE EXTER.EM TOCANTINS,TO
30024,SECRETARIA DE CONTROLE EXTERNO DO AMAPA,AP
30025,SECRETARIA DE CONTROLE EXTERNO EM RONDONIA,RO
30026,SECRETARIA DE CONTROLE EXTERNO NO ACRE,AC
30027,SEC.DE CONT.EXTERNO NO ESTADO DE RORAIMA,RR
30203,INSTITUTO SERZEDELLO CORREA - ISC/TCU,DF
40001,SUPREMO TRIBUNAL FEDERAL,DF
40003,CONSELHO NACIONAL DE JUSTICA,DF
50001,SECRETARIA DO SUPERIOR TRIBUNAL DE JUSTICA,DF
60001,SUPERIOR TRIBUNAL MILITAR,DF
60002,AUDITORIA DA 8A. CJM,NO
60003,AUDITORIA DA 10A. CJM,NE
60004,AUDITORIA DA 7A. CJM,NE
60005,AUDITORIA DA 6A. CJM,NE
60006,AUDITORIA DA 4A. CJM,SD
60007,AUDITORIA DA 9A. CJM,CO
60017,AUDITORIA DA 5A. CJM,SL
60018,1A. AUDITORIA DA 3A. CJM,SL
60019,2A. AUDITORIA DA 3A. CJM,SL
60020,3A. AUDITORIA DA 3A. CJM,SL
60021,AUDITORIA DA 12A. CJM,NO
60028,DIRETORIA DO FORO - 1A CJM,SL
60029,DIRETORIA DO FORO - 2A. CJM,SL
60030,DIRETORIA DO FORO DA 11A CJM,CO
70001,SECRETARIA DE ADMINISTRACAO - TSE,DF
70002,TRIBUNAL REGIONAL ELEITORAL DO ACRE,AC
70003,TRIBUNAL REGIONAL ELEITORAL DO AMAZONAS,AM
70004,TRIBUNAL REGIONAL ELEITORAL DO PARA,PA
70005,TRIBUNAL REGIONAL ELEITORAL DO MARANHAO,MA
70006,TRIBUNAL REGIONAL ELEITORAL DO PIAUI,PI
70007,TRIBUNAL REGIONAL ELEITORAL DO CEARA,CE
70008,TRIBUNAL REGIONAL ELEITORAL DO RIO G.DO NORTE,RN
70009,TRIBUNAL REGIONAL ELEITORAL DA PARAIBA,PA
70010,TRIBUNAL REGIONAL ELEITORAL DE PERNAMBUCO,PE
70011,TRIBUNAL REGIONAL ELEITORAL DE ALAGOAS,AL
70012,TRIBUNAL REGIONAL ELEITORAL DE SERGIPE,SE
70013,TRIBUNAL REGIONAL ELEITORAL DA BAHIA,BA
70014,TRIBUNAL REGIONAL ELEITORAL DE MINAS GERAIS,MG
70015,TRIBUNAL REGIONAL ELEITORAL DO ESPIRITO SANTO,ES
70016,TRIBUNAL REGIONAL ELEITORAL DE MATO G.DO SUL,MS
70017,TRIBUNAL REGIONAL ELEITORAL DO RIO DE JANEIRO,RJ
70018,TRIBUNAL REGIONAL ELEITORAL DE SAO PAULO,SP
70019,TRIBUNAL REGIONAL ELEITORAL DO PARANA,PA
70020,TRIBUNAL REGIONAL ELEITORAL DE SANTA CATARINA,SC
70021,TRIBUNAL REGIONAL ELEITORAL DO RIO G.DO SUL,RS
70022,TRIBUNAL REGIONAL ELEITORAL DE MATO GROSSO,MT
70023,TRIBUNAL REGIONAL ELEITORAL DE GOIAS,GO
70024,TRIBUNAL REGIONAL ELEITORAL DE RONDONIA,RO
70025,TRIBUNAL REGIONAL ELEITORAL DO D. FEDERAL,DF
70027,TRIBUNAL REGIONAL ELEITORAL DE TOCANTINS,TO
70028,TRIBUNAL REGIONAL ELEITORAL DE RORAIMA,RR
70029,TRIBUNAL REGIONAL ELEITORAL DO AMAPA,AP
80001,TRIBUNAL SUPERIOR DO TRABALHO,DF
80002,TRIBUNAL REGIONAL DO TRABALHO DA 11A.REGIAO,NO
80003,TRIBUNAL REGIONAL DO TRABALHO DA 8A.REGIAO,NO
80004,TRIBUNAL REGIONAL DO TRABALHO DA 7A.REGIAO,CE
80005,TRIBUNAL REGIONAL DO TRABALHO DA 13A.REGIAO,PB
80006,TRIBUNAL REGIONAL DO TRABALHO DA 6A.REGIAO,PE
80007,TRIBUNAL REGIONAL DO TRABALHO DA 5A.REGIAO,BA
80008,TRIBUNAL REGIONAL DO TRABALHO DA 3A.REGIAO,MG
80009,TRIBUNAL REGIONAL DO TRABALHO DA 1A.REGIAO,RJ
80010,TRIBUNAL REGIONAL DO TRABALHO DA 2A.REGIAO,SP
80011,TRIBUNAL REGIONAL DO TRABALHO DA 15A.REGIAO,SP
80012,TRIBUNAL REGIONAL DO TRABALHO DA 9A.REGIAO,PR
80013,TRIBUNAL REGIONAL DO TRABALHO DA 12A.REGIAO,SC
80014,TRIBUNAL REGIONAL DO TRABALHO DA 4A.REGIAO,RS
80015,TRIBUNAL REGIONAL DO TRABALHO DA 14A.REGIAO,NO
80016,TRIBUNAL REGIONAL DO TRABALHO DA 10A.REGIAO,CO
80018,TRIBUNAL REGIONAL DO TRABALHO DA 16A.REGIAO,MA
80019,TRIBUNAL REGIONAL DO TRABALHO DA 17A.REGIAO,ES
80020,TRIBUNAL REGIONAL DO TRABALHO DA 18A.REGIAO,CO
80021,TRIBUNAL REGIONAL DO TRABALHO DA 21A.REGIAO,RN
80022,TRIBUNAL REGIONAL DO TRABALHO DA 19A.REGIAO,AL
80023,TRIBUNAL REGIONAL DO TRABALHO DA 20A.REGIAO,SE
80024,TRIBUNAL REGIONAL DO TRABALHO DA 22A.REGIAO,PI
80025,TRIBUNAL REGIONAL DO TRABALHO DA 23A.REGIAO,MT
80026,TRIBUNAL REGIONAL DO TRABALHO DA 24A.REGIAO,MS
90002,JUSTICA FEDERAL DE PRIMEIRO GRAU - AM,AM
90003,JUSTICA FEDERAL DE PRIMEIRO GRAU - PA,PA
90004,JUSTICA FEDERAL DE PRIMEIRO GRAU - MA,MA
90005,JUSTICA FEDERAL DE PRIMEIRO GRAU - PI,PI
90006,JUSTICA FEDERAL DE PRIMEIRO GRAU - CE,CE
90007,JUSTICA FEDERAL DE PRIMEIRO GRAU - RN,RN
90008,JUSTICA FEDERAL DE PRIMEIRO GRAU - PB,PB
90009,JUSTICA FEDERAL DE PRIMEIRO GRAU - PE,PE
90010,JUSTICA FEDERAL DE PRIMEIRO GRAU - AL,AL
90011,JUSTICA FEDERAL DE PRIMEIRO GRAU - SE,SE
90012,JUSTICA FEDERAL DE PRIMEIRO GRAU - BA,BA
90013,JUSTICA FEDERAL DE PRIMEIRO GRAU - MG,MG
90014,JUSTICA FEDERAL DE PRIMEIRO GRAU - ES,ES
90015,JUSTICA FEDERAL DE PRIMEIRO GRAU - MS,MS
90016,JUSTICA FEDERAL DE PRIMEIRO GRAU - RJ,RJ
90017,JUSTICA FEDERAL DE PRIMEIRO GRAU - SP,SP
90018,JUSTICA FEDERAL DE PRIMEIRO GRAU - PR,PR
90019,JUSTICA FEDERAL DE PRIMEIRO GRAU - SC,SC
90020,JUSTICA FEDERAL DE PRIMEIRO GRAU - RS,RS
90021,JUSTICA FEDERAL DE PRIMEIRO GRAU - MT,MT
90022,JUSTICA FEDERAL DE PRIMEIRO GRAU - GO,GO
90023,JUSTICA FEDERAL DE PRIMEIRO GRAU - DF,DF
90024,JUSTICA FEDERAL DE PRIMEIRO GRAU - AC,AC
90025,JUSTICA FEDERAL DE PRIMEIRO GRAU - RO,RO
90026,SECRETARIA DO CONSELHO DA JUSTICA FEDERAL,DF
90027,SECRETARIA DO T.R.F. DA 1A. REGIAO,DF
90028,TRIBUNAL REGIONAL FEDERAL DA 2A. REGIAO,SD
90029,TRIBUNAL REGIONAL FEDERAL DA 3A.REGIAO,SD
90030,TRIBUNAL REGIONAL FEDERAL DA 4A.REGIAO,SL
90031,TRIBUNAL REGIONAL FEDERAL DA 5A.REGIAO,NE
90037,JUSTICA FEDERAL DE PRIMEIRO GRAU - AP,AP
90038,JUSTICA FEDERAL DE PRIMEIRO GRAU - TO,TO
90039,JUSTICA FEDERAL DE PRIMEIRO GRAU - RR,RR
100001,TRIB.DE JUSTICA DO D.F. E DOS  TERRITORIOS,DF
100009,VARA DA INFANCIA E DA JUVENTUDE DO D.F.,DF
110001,SECRETARIA DE ADMINISTRACAO/PR,PR
110008,SECRETARIA EXECUTIVA-MPA,PR
110096,SUPERINTENDENCIA ADMINISTRACAO EM PERNAMBUCO,PE
110097,SUPERINTENDENCIA ADMINISTRACAO NO RIO G. SUL,RS
110099,SUPERINTENDENCIA ADMINISTRACAO EM SAO PAULO,SP
110101,GABINETE DA VICE-PRESIDENCIA DA REPUBLICA,DF
110102,SUPERINTENDENCIA ADMINISTRACAO RIO DE JANEIRO,RJ
110120,AGENCIA BRASILEIRA DE INTELIGENCIA,DF
110161,SUPERINTENDENCIA DE ADM. NO DISTRITO FEDERAL,DF
110235,SECRETARIA NACIONAL DE JUVENTUDE,DF
110244,FUNDO NACIONAL PARA A CRIANCA E O ADOLESCENTE,PA
110245,FUNDO DE IMPRENSA NACIONAL/EXEC.ORC.FINANC.,DF
110322,GAB. DE SEG. INSTIT. DA PRES. DA REPUBLICA,DF
110355,SECRETARIA DE ASSUNTOS ESTRATEGICOS-SAE/PR,PR
110402,ESCOLA SUPERIOR DE GUERRA,RJ
110404,DEPARTAMENTO DE ADMINISTRACAO INTERNA-MD,DF
110406,REPRESENT.DO BRASIL NA JUNTA INTERAM.DEFESA,DF
110511,CENTRO GESTOR OP. SISTEMA PROTECAO AMAZONIA,DF
110576,SPCI/ODP/RECURSOS EXTERNOS,DF
110590,SECRETARIA DE AVIAÇÃO CIVIL/PR,PR
110594,DEPARTAMENTO DO PROGRAMA CALHA NORTE,DF
110620,COMISSÃO NACIONAL DA VERDADE/CNV,DF
110681,SECRETARIA DE PORTOS - OBRAS,DF
112408,HOSPITAL DAS FORCAS ARMADAS,DF
113201,COMISSAO NACIONAL DE ENERGIA NUCLEAR-SEDE,RJ
113202,COMISSAO NACIONAL DE ENERGIA NUCLEAR-IPEN,SP
113203,COMISSAO NACIONAL DE ENERGIA NUCLEAR-IEN,RJ
113204,COMISSÃO NACIONAL DE ENERGIA NUCLEAR-IRD,RJ
113205,COMISSAO NACIONAL DE ENERGIA NUCLEAR-CDTN,MG
113206,INDUSTRIAS NUCLEARES DO BRASIL S/A - INB,RJ
113207,COMISSAO NACIONAL DE ENERGIA NUCLEAR-CRCN-CO,GO
113208,NUCLEBRAS EQUIPAMENTOS PESADOS S/A,RJ
113210,COMISSÃO NACIONAL DE ENERGIA NUCLEAR-LAPOC,RJ
113211,COMISSAO NACIONAL DE ENERGIA NUCLEAR-CRCN-NE,PE
113214,AGENCIA NACIONAL DE AVIACAO CIVIL,DF
113216,REPRESENTAÇÃO REGIONAL RIO DE JANEIRO - ANAC,RJ
113601,INSTITUTO DE PESQUISA ECONOMICA APLICADA,RJ
113602,INSTITUTO DE PESQUISA ECONOMICA APLICADA,DF
113801,DNOCS - CEST/PE - RECIFE-PE,PE
114601,FUNDACAO IBGE-ADMINISTRACAO CENTRAL/RJ,RJ
114602,UNIDADE ESTADUAL DO IBGE EM RONDONIA,RO
114603,UNIDADE ESTADUAL DO IBGE NO ACRE,AC
114604,UNIDADE ESTADUAL DO IBGE NO AMAZONAS,AM
114605,UNIDADE ESTADUAL DO IBGE EM RORAIMA,RR
114606,UNIDADE ESTADUAL DO IBGE NO PARA,PA
114608,UNIDADE ESTADUAL DO IBGE NO MARANHÃO,MA
114610,UNIDADE ESTADUAL DO IBGE NO CEARA,CE
114612,UNIDADE ESTADUAL DO IBGE NO RIO G. NORTE,RN
114613,UNIDADE ESTADUAL DO IBGE NA PARAIBA,PA
114616,UNIDADE ESTADUAL DO IBGE EM SERGIPE,SE
114617,UNIDADE ESTADUAL DO IBGE NA BAHIA,BA
114618,UNIDADE ESTADUAL DO IBGE EM MINAS GERAIS,MG
114620,UNIDADE ESTADUAL DO IBGE NO MATO GROSSO SUL,MT
114622,UNIDADE ESTADUAL DO IBGE EM SAO PAULO,SP
114623,UNIDADE ESTADUAL DO IBGE NO PARANA,PA
114624,UNIDADE ESTADUAL DO IBGE EM SANTA CATARINA,SC
114625,UNIDADE ESTADUAL DO IBGE NO RIO GRANDE DO SUL,RS
114626,UNIDADE ESTADUAL DO IBGE NO MATO GROSSO,MT
114627,UNIDADE ESTADUAL DO IBGE EM GOIAS,GO
114629,UNIDADE ESTADUAL DO IBGE NO DISTRITO FEDERAL,DF
114631,UNIDADE ESTADUAL DO IBGE NO RIO DE JANEIRO,RJ
114639,UNIDADE ESTADUAL DO IBGE EM TOCANTINS,TO
114702,FUNDACAO ESCOLA NACIONAL DE ADM. PUBLICA,DF
115406,EMPRESA BRASIL DE COMUNICACAO S.A,DF
120001,GABINETE DO COMANDANTE DA AERONAUTICA,DF
120003,VI COMANDO AEREO REGIONAL,DF
120004,BASE AEREA DE BRASILIA,DF
120005,PREFEITURA DE AERONAUTICA DE BRASILIA,DF
120006,GRUPAMENTO DE APOIO DE BRASILIA,DF
120014,BASE AEREA DE FORTALEZA,NE
120018,BASE AEREA DE RECIFE,NE
120019,HOSPITAL DE AERONAUTICA DE RECIFE,NE
120020,PARQUE DE MATERIAL AERONAUTICO DE RECIFE,NE
120023,BASE AEREA DE SALVADOR,NE
120025,ESCOLA PREPARATORIA DE CADETES DO AR,PA
120039,GRUPAMENTO DE APOIO DO RIO DE JANEIRO,RJ
120062,BASE AEREA DE SAO PAULO,SP
120068,PARQUE DE MATERIAL AERONAUTICO DE SAO PAULO,SP
120069,SERVICO REGIONAL DE PROTECAO AO VOO SAO PAULO,SP
120073,BASE AEREA DE FLORIANOPOLIS,SL
120080,BASE AEREA DE ANAPOLIS,CO
120081,BASE AEREA DE PORTO VELHO,NO
120082,BASE AEREA DE MANAUS,NO
120085,BASE AEREA DE  BOA VISTA,NO
120087,BASE AEREA DE BELEM,PA
120088,COMISSAO DE AEROPORTOS DA REGIAO AMAZONICA,AM
120090,COMISSAO AERONAUTICA BRASILEIRA EM WASHINGTON,EX
120091,COMISSAO AERONAUTICA BRASILEIRA NA EUROPA,EX
120096,HOSPITAL DE FORCA AEREA DE BRASILIA,CO
120097,PREFEITURA DE AERONAUTICA DE SAO PAULO,SP
130010,COMISSAO EXEC.DO PLANO DA LAV.CACAUEIRA/DF,DF
130014,SUPERINT.FED.DE AGRIC.,DF
130016,LABORATORIO NACIONAL AGROPECUARIO/PE,PE
130017,LABORATORIO NACIONAL AGROPECUARIO NO PARA,PA
130018,SUPERINT.FED.DE AGRIC.,TO
130021,SUPERINT.FED.DE AGRIC.,PI
130022,SUPERINT.FED.DE AGRIC.,CE
130023,SUPERINT.FED.DE AGRIC.,RN
130024,SUPERINT.FED.DE AGRIC.,PB
130025,SUPERINT.FED.DE AGRIC.,PE
130026,DISTRITO DE METEOROLOGIA DE RECIFE,PE
130027,SUPERINT.FED.DE AGRIC.,AL
130028,SUPERINT.FED.DE AGRIC.,SE
130029,SUPERINT.FED.DE AGRIC.,BA
130031,COMISSAO EXEC.DO PLANO DA LAV.CACAUEIRA/PA,PA
130032,LABORATORIO NACIONAL AGROPECUARIO EM GOIAS,GO
130056,SUPERINT.FED.DE AGRIC.,MG
130058,LABORATORIO NACIONAL AGROPECUARIO/MG,MG
130060,SUPERINT.FED.DE AGRIC.,ES
130062,SUPERINT.FED.DE AGRIC.,MS
130063,SUPERINT.FED.DE AGRIC.,RJ
130067,SUPERINT.FED.DE AGRIC.,SP
130069,SUPERINT.FED.DE AGRIC.,MA
130070,SUPERINT.FED.DE AGRIC.,PR
130072,SUPERINT.FED.DE AGRIC.,SC
130074,SUPERINT.FED.DE AGRIC.,RS
130077,SUPERINT.FED.DE AGRIC.,MT
130080,SUPERINT.FED.DE AGRIC.,GO
130083,SUPERINT.FED.DE AGRIC.,RO
130088,SUPERINT.FED.DE AGRIC.,AC
130090,SUPERINT.FED.DE AGRIC.,AM
130093,SUPERINT.FED.DE AGRIC.,RR
130094,SUPERINT.FED.DE AGRIC.,PA
130100,SUPERINT.FED.DE AGRIC.,AP
130102,LABORATORIO NACIONAL AGROPECUARIO/SP,SP
130103,LABORATORIO NACIONAL AGROPECUARIO/RS,RS
130122,COMISSAO EXEC.DO PLANO DA LAV.CACAUEIRA/BA-AD,BA
130126,COMISSAO EXEC.DO PLANO DA LAV.CACAUEIRA/PA,PA
130127,COMISSAO EXEC.DO PLANO DA LAV.CACAUEIRA/AM,AM
130128,COMISSAO EXEC.DO PLANO DA LAV.CACAUEIRA/RO,RO
130132,COMISSAO EXEC.DO PLANO DA LAV.CACAUEIRA/BA,BA
130133,COMISSAO EXEC.DO PLANO DA LAV.CACAUEIRA/BA,BA
133003,SUPERINT. NAC.REGULARIZ. FUND. AMAZONIA LEGAL,AM
133080,SUPERINTENDENCIA REG.DO SUL DO PARA-SR/27-E,PA
133088,SUPERINT. REG. DO DISTRITO FEDERAL E ENTORNO,DF
135001,EMBRAPA/CPAF-RONDONIA,RO
135002,EMBRAPA/CPAF-ACRE,AC
135005,EMBRAPA/CPAF-RORAIMA,RR
135008,EMBRAPA/CPAF-AMAPA,AP
135042,EMBRAPA/UEP/RECIFE,NE
135045,CONAB SEDE SUREG AMAZONAS,AM
135098,CAIXA ECONOMICA FEDERAL/MA,MA
135101,CONAB SEDE SUREG BAHIA,BA
135115,CONAB SEDE SUREG CEARA,CE
135141,CONAB SEDE SUREG GOIAS,GO
135145,UA/PALMEIRAS DE GOIAS,GO
135170,CONAB SEDE SUREG MARANHAO,MA
135182,CONAB SEDE SUREG MINAS GERAIS,MG
135209,CONAB SEDE SUREG MATO GROSSO,MT
135219,UA/PORTO VELHO,NO
135229,UA/RIO BRANCO,NO
135242,CONAB SEDE SUREG PARA,PA
135246,UA/MANAUS,NO
135265,CONAB SEDE SUREG PARANA,PA
135284,CONAB SEDE SUREG SANTA CATARINA,SC
135285,CONAB SEDE SUREG PERNAMBUCO,PE
135304,UA/RECIFE,NE
135305,CONAB SEDE SUREG RIO DE JANEIRO,RJ
135315,CONAB SEDE SUREG RIO GRANDE DO SUL,RS
135337,CONAB SEDE SUREG TOCANTINS,TO
135345,CONAB SEDE/SUREG PI,PI
135457,CONAB SEDE SUREG RIO GRANDE DO NORTE,RN
135458,CONAB SEDE SUREG ES,ES
135476,CONAB SEDE SUREG PARAIBA,PA
135545,UNIDADE CONAB PAA PARANA,PA
135557,UNIDADE ARMAZENADORA BOA VISTA,NO
135586,CONAB SEDE SUREG ALAGOAS,AL
135596,CONAB SEDE SUREG AMAPA,AP
135605,CONAB SEDE SUREG ACRE,AC
151909,IF DE PERNAMBUCO (CAMPUS CARUARU),PE
151910,IF DE PERNAMBUCO (CAMPUS GARANHUNS),PE
151911,IF DE PERNAMBUCO (AFOGADOS DA INGAZEIRA),PE
152004,INSTITUTO BENJAMIN CONSTANT-RJ,RJ
152005,INSTITUTO NACIONAL DE EDUCACAO DE SURDOS-RJ,RJ
152139,IFB - CAMPUS GAMA,DF
152140,IFB - CAMPUS TAGUATINGA NORTE,DF
152141,IFB - CAMPUS SAMAMBAIA,DF
152142,IFB - CAMPUS BRASÍLIA,DF
152143,IFB - CAMPUS TAGUATINGA CENTRO,DF
152420,INST. FED. DE SERGIPE/CAMPUS N.Sª DA GLÓRIA,SE
152426,INST. FED. DE SERGIPE/CAMPUS ESTÂNCIA,SE
152430,INST. FED. DE SERGIPE/CAMPUS ITABAIANA,SE
152711,INST. FED. DO RN / CAMPUS NATAL - CIDADE ALTA,RN
152756,INST. FED. DO RN / CAMPUS PARNAMIRIM,RN
152757,INSTITUTO FEDERAL DO RN - CAMPUS NOVA CRUZ,RN
152800,INST.FED.DE ALAGOAS/CAMPUS PENEDO,AL
152801,INST.FED.DE ALAGOAS/CAMPUS SANTANA DO IPANEMA,AL
152802,INST.FED.DE ALAGOAS/CAMPUS PIRANHAS,AL
152803,INST.FED.DE ALAGOAS/CAMPUS MURICI,AL
152804,INST.FED.DE ALAGOAS/CAMPUS SAO MIGUEL CAMPOS,AL
152805,INST.FED.DE ALAGOAS/CAMPUS ARAPIRACA,AL
153015,CENTRO FED.DE EDUCACAO TECNOL.DE MINAS GERAIS,MG
153019,UNIVERSIDADE TECNOLOGICA FEDERAL DO PARANA,PA
153031,UNIFESP-UNIVERSIDADE FEDERAL DE SAO PAULO,SP
153033,UNIVERSIDADE FEDERAL RURAL DO SEMI-ARIDO - RN,RN
153037,UNIVERSIDADE FEDERAL DE ALAGOAS,AL
153038,UNIVERSIDADE FEDERAL DA BAHIA,BA
153045,UNIVERSIDADE FEDERAL DO CEARA,CE
153046,UNIVERSIDADE FEDERAL DO ESPIRITO SANTO,ES
153049,CENTRO UNIVERSITARIO NORTE DO ESPIRITO SANTO.,ES
153052,UNIVERSIDADE FEDERAL DE GOIAS,GO
153063,UNIVERSIDADE FEDERAL DO PARA,PA
153065,UNIVERSIDADE FEDERAL DA PARAIBA,PA
153079,UNIVERSIDADE FEDERAL DO PARANA,PA
153080,UNIVERSIDADE FEDERAL DE PERNAMBUCO,PE
153103,UNIVERSIDADE FEDERAL DO RIO GRANDE DO NORTE,RN
153114,UNIVERSIDADE FEDERAL DO RIO GRANDE DO SUL,RS
153115,UNIVERSIDADE FEDERAL DO RIO DE JANEIRO,RJ
153117,SUPERINT.GERAL DE ENS.P/GRAD.E PESQ. DA UFRJ,RJ
153119,PREFEITURA DA UNIVERSIDADE DA UFRJ,RJ
153120,CENTRO CIENC MATEMAT E DA NATUREZA DA UFRJ,RJ
153121,INSTITUTO DE MATEMATICA DA UFRJ,RJ
153122,INSTITUTO DE QUIMICA DA UFRJ,RJ
153123,INSTITUTO DE FISICA DA UFRJ,RJ
153124,INSTITUTO DE GEOCIENCIAS DA UFRJ,RJ
153125,NUCLEO DE COMPUTACAO ELETRONICA DA UFRJ,RJ
153126,OBSERVATORIO DO VALONGO DA UFRJ,RJ
153127,DECANATO DO CENTRO DE LETRAS E ARTES DA UFRJ,RJ
153128,DECANATO DO CENT DE FILOSOF. E C HUM. DA UFRJ,RJ
153129,INSTITUTO DE FILOSOF/CIENCIAS SOCIAIS DA UFRJ,RJ
153130,INSTITUTO DE PSICOLOGIA DA UFRJ,RJ
153131,FACULDADE DE EDUCACAO DA UFRJ,RJ
153132,DECANATO DO CENTRO DE C JUR E ECONOM. DA UFRJ,RJ
153137,DECANATO DO CENTRO DE CIENC.DA SAUDE DA UFRJ,RJ
153138,FACULDADE DE MEDICINA DA UFRJ,RJ
153139,FACULDADE DE ODONTOLOGIA DA UFRJ,RJ
153140,FACULDADE DE FARMACIA DA UFRJ,RJ
153141,ESCOLA DE ENFERMAGEM ANA NERI DA UFRJ,RJ
153142,INSTITUTO DE CIENCIAS BIOMEDICAS DA UFRJ,RJ
153143,INSTITUTO DE MICROBIOLOGIA DA UFRJ,RJ
153145,INSTITUTO DE BIOFISICA DA UFRJ,RJ
153146,NUCLEO DE PESQUISA DE PROD. NATURAIS DA UFRJ,RJ
153147,INSTITUTO DE GINECOLOGIA DA UFRJ,RJ
153148,INSTITUTO DE NEUROL. DEOLINDO COUTO DA UFRJ,RJ
153149,INSTITUTO DE PSIQUIATRIA DA UFRJ,RJ
153150,INSTITUTO PUERIC. PED MAT. GESTEIRA DA UFRJ,RJ
153151,INSTITUTO DE DOENCAS DO TORAX DA UFRJ,RJ
153152,HOSPITAL UNIVERSITARIO DA UFRJ,RJ
153153,ESCOLA DE EDUCACAO FISICA E DESPORTES DA UFRJ,RJ
153154,INSTITUTO DE BIOLOGIA DA UFRJ,RJ
153155,MATERNIDADE ESCOLA DA UFRJ,RJ
153156,NUCLEO DE TECNOL. EDUCACIONAL P/SAUDE DA UFRJ,RJ
153157,DECANATO DO CENTRO DE TECNOLOGIA DA UFRJ,RJ
153158,ESCOLA POLITECNICA DA UFRJ,RJ
153159,ESCOLA DE QUIMICA DA UFRJ,RJ
153160,COORD DOS PROG DE POS-GRAD EM ENGEN DA UFRJ,RJ
153161,FORUM DE CIENCIA E CULTURA DA UFRJ,RJ
153162,MUSEU NACIONAL DA UFRJ,RJ
153163,UNIVERSIDADE FEDERAL DE SANTA CATARINA,SC
153165,UNIVERSIDADE FEDERAL RURAL DE PERNAMBUCO,PE
153166,UNIVERSIDADE FEDERAL RURAL DO RIO DE JANEIRO,RJ
154034,UNIVERSIDADE FEDERAL DO ESTADO RIO DE JANEIRO,RJ
154039,FUNDACAO UNIVERSIDADE DO AMAZONAS,AM
154040,FUNDACAO UNIVERSIDADE DE BRASILIA - FUB,CO
154041,FUNDACAO UNIVERSIDADE DO MARANHAO,MA
154044,FUNDACAO UNIVERSIDADE FEDERAL DO ACRE,AC
154045,FUNDACAO UNIVERSIDADE FEDERAL DE MATO GROSSO,MT
154048,FUNDAÇÃO UNIVERSIDADE FEDERAL DO PIAUI,PI
154050,FUNDACAO UNIVERSIDADE FEDERAL DE SERGIPE,SE
154054,FUNDACAO UNIVERS.FED. DE MATO GROSSO DO SUL,MS
154055,FUNDACAO UNIVERSIDADE FEDERAL DE RONDONIA,RO
154080,UNIVERSIDADE FEDERAL DE RORAIMA,RR
154106,HOSPITAL UNIVERSITARIO DE BRASILIA - HUB,CO
154215,FUNDACAO UNIVERSIDADE FEDERAL DO AMAPA,AP
154357,HOSPITAL UNIVERSITARIO MARIA AP. PEDROSSIAM,AP
154358,UTFPR - CAMPUS CURITIBA,SL
154419,FUNDACAO UNIVERSIDADE FEDERAL DO TOCANTINS,TO
154582,INST FED RN / CAMPUS SÃO GONÇALO DO AMARANTE,RN
155001,HOSPITAL DE CLINICAS DE PORTO ALEGRE,SL
158009,INSTITUTO FEDERAL DO PARANA,PA
158092,UNIVERSIDADE FEDERAL DO RECONCAVO DA BAHIA,BA
158099,INST.FED.DE EDUC.,MG
158121,INST.FED.DE EDUC.,MG
158122,INST.FED.DE EDUC.,MG
158123,INST FED EDUC CIENCIA TECNOL SUDESTE MG,MG
158126,INST.FED.DE EDUC.,RS
158127,INST.FED.DE EDUC.,RS
158128,INST.FED.DE EDUC.,MA
158129,INST.FED.DE EDUC.,BA
158131,INSTITUTO FED. DE EDU.CIE.TEC.DO TOCANTINS,TO
158132,INST.FED.DE EDUC.,MS
158133,INST.FED.DE EDUC.,CE
158134,INST.FED.DE EDUC.,SE
158135,INST.FED.DE EDUC.,PA
158136,INST.FED.DE EDUC.,PE
158137,INST.FED.DE EDUC.,MG
158138,INST.FED.DE EDUC.,PB
158139,INST.FED.DE EDUC.,RJ
158141,INST.FED.DE EDUC.,RS
158142,INST.FED.DE EDUC.,AM
158143,IFB - REITORIA - BRASÍLIA-DF,DF
158144,INST.FED.DE EDUC.,MT
158145,INST.FED.DE EDUC.,BA
158146,INST.FED.DE EDUC.,PI
158147,INST.FED.DE EDUC.,AL
158148,INST.FED.DE EDUC.,RO
158149,INST.FED.DE ED.,PE
158150,INST.FED.DE EDUC.,AP
158151,INST.FED.DE EDUC.,ES
158152,INST.FED.DE EDUC.,RR
158153,INST.FED.DE EDUC.,GO
158154,INST.FED.DE EDUC.,SP
158155,INST.FED.DE EDUC.,RN
158156,INST.FED.DE EDUC.,AC
158157,INST.FED.DE EDUC.,RJ
158159,INST.FED. DO AMAPA -CAMPUS MACAPA,AP
158261,INST.FED.DO RS/CAMPUS PORTO ALEGRE,RS
158262,INST.FED.DO RS/CAMPUS RIO GRANDE,RS
158263,INST.FED.DO RS/CAMPUS SERTÃO,RS
158264,INST.FED.DO RS/CAMPUS BENTO GONCALVES,RS
158265,INST.FED.DO RS/CAMPUS CANOAS,RS
158272,INST.FED. ESPIRITO SANTO/CAMPUS COLATINA,ES
158273,INST.FED.DO AMAZONAS/CAMPUS S.G. DA CACHOEIRA,AM
158275,INST.FED.MINAS GERAIS/CAMPUS BAMBUÍ,MG
158276,INST.FED.DO MARANHAO/CAMPUS SAO LUIS-MACARANA,MA
158279,INST.FED.DA PARAIBA/CAMPUS SOUSA,PA
158280,INST.FED.DA PARAIBA/CAMPUS CAJAZEIRAS,PA
158281,INST.FED.DA PARAIBA/CAMPUS CAMPINA GRANDE,PA
158282,INST.FED.DO MARANHAO/CAMPUS PINHEIRO,MA
158283,INST.FED.DO MARANHAO/CAMPUS BURITICUPU,MA
158284,INST.FED.DO MARANHAO/CAMPUS BARRA DO CORDA,MA
158285,INST.FED.DO MARANHAO/CAMPUS BARREIRINHAS,MA
158286,INST.FED.DO MARANHAO/CAMPUS MONTE CASTELO,MA
158288,INST.FED.DO MARANHAO/CAMPUS CENTRO HISTORICO,MA
158289,INST.FED.DO MARANHAO/CAMPUS ZE DOCA,MA
158290,INST.FED.DO MARANHAO/CAMPUS SANTA INES,MA
158291,INST.FED.DO MARANHAO/CAMPUS S.JOAO DOS PATOS,MA
158292,INST.FED.DO MARANHAO/CAMPUS ALCANTARA,MA
158293,INST.FED.DO MARANHAO/CAMPUS CODO,MA
158294,INST.FED.DO MARANHAO/CAMPUS IMPERATRIZ,MA
158295,INST.FED.DO MARANHAO/CAMPUS ACAILANDIA,MA
158296,INST.FED.DO MARANHAO/CAMPUS S.R.MANGABEIRAS,MA
158297,INST.FED.DO MARANHAO/CAMPUS BACABAL,MA
158309,INST.FED.TRIANGULO MINEIRO/CAMPUS PARACATU,PA
158313,INST.FED.DO CEARA/CAMPUS FORTALEZA,CE
158314,INST.FED.DO CEARA/CAMPUS LIMOEIRO DO NORTE,CE
158315,INST.FED.DO CEARA/CAMPUS QUIXADA,CE
158316,INST.FED.DO CEARA/CAMPUS JUAZEIRO DO NORTE,CE
158317,INST.FED.DO CEARA/CAMPUS SOBRAL,CE
158318,INST.FED.DO CEARA/CAMPUS CEDRO,CE
158319,INST.FED.DO CEARA/CAMPUS MARACANAU,CE
158320,INST.FED.DO CEARA/CAMPUS IGUATU,CE
158321,INST.FED.DO CEARA/CAMPUS CRATO,CE
158322,INST.FED.DO CEARA/CAMPUS ACARAU,CE
158323,INST.FED.DO CEARA/CAMPUS CANINDÉ,CE
158324,INST.FED.DO CEARA/CAMPUS CRATEUS,CE
158325,INST.FED.DO RS/CAMPUS ERECHIM,RS
158326,INST.FED.DO RS/CAMPUS PORTO ALEGRE - RESTINGA,RS
158327,INST.FED.DO RS/CAMPUS OSORIO,RS
158328,INST.FED.DO RS/CAMPUS CAXIAS DO SUL,RS
158333,INST.FED.MATO GROSSO/CAMPUS CUIABÁ,MT
158334,INST.FED.MATO GROSSO/CAMPUS CACERES,MT
158335,INST.FED.MATO GROSSO/CAMPUS SÃO VICENTE,MT
158336,INST.FED.DO TOCANTINS/CAMPUS PALMAS,TO
158337,INST.FED.DO TOCANTINS/CAMPUS ARAGUATINS,TO
158341,INST.FED.RONDONIA/CAMPUS COLORADO DO OESTE-RO,RO
158342,INST.FED.RONDONIA/CAMPUS DE VILHENA - RO,RO
158343,INST.FED.RONDONIA/CAMPUS ARIQUEMES-RO,RO
158345,INST.FED.RONDONIA/CAMPUS PORTO VELHO CALAMA,RO
158346,IFSP - CAMPUS SÃO JOÃO DA BOA VISTA,NO
158350,INST.FED.RORAIMA - CAMPUS BOA VISTA,RR
158351,INST.FED.RORAIMA - CAMPUS NOVO PARAISO,PA
158353,INST.FED.PIAUI/CAMPUS TERESINA CENTRAL,PI
158355,INST.FED. PIAUI/CAMPUS FLORIANO,PI
158356,INST.FED.PIAUI/CAMPUS PICOS,PI
158357,INST.FED.PIAUI/CAMPUS PARNAIBA,PI
158358,INST.FED.PIAUI/CAMPUS ANGICAL,PI
158359,INST.FED.PIAUI/CAMPUS PAULISTANA,PI
158360,INST.FED.PIAUI/CAMPUS PIRIPIRI,PI
158361,INST.FED.PIAUI/CAMPUS SAO RAIMUNDO NONATO,PI
158362,INST.FED.PIAUI/CAMPUS CORRENTE,PI
158363,INST.FED.PIAUI/CAMPUS URUCUI,PI
158365,INST.FED DO RN/CAMPUS MOSSORO,RN
158366,INST.FED. DO RN/CAMPUS CURRAIS NOVOS,RN
158367,INST.FED. DO RN/CAMPUS IPANGUAÇU,RN
158368,INST.FED.DO RN/CAMPUS NATAL - ZONA NORTE,RN
158369,INST.FED.DO RN/CAMPUS NATAL - CENTRAL,RN
158370,INST.FED. DO RN/CAMPUS CAICÓ,RN
158371,INST.FED.DO RN/CAMPUS APODI,RN
158372,INST.FED.DO RN/CAMPUS SANTA CRUZ,RN
158373,INST.FED.DO RN/CAMPUS JOAO CAMARA,RN
158374,INST.FED.DO RN/CAMPUS PAU DOS FERROS,RN
158375,INST.FED.DO RN/CAMPUS MACAU,RN
158376,INST.FED.RONDONIA/CAMPUS JI-PARANA,PA
158377,INST.FED.DO NORTE DE MG/CAMPUS SALINAS,MG
158378,INST.FED.DO NORTE DE MG/CAMPUS JANUARIA,MG
158380,INST.FED.DE ALAGOAS/CAMPUS MARECHAL DEODORO,AL
158381,INST.FED DE ALAGOAS/CAMPUS MACEIO,AL
158382,INST.FED. ALAGOAS/CAMPUS SATUBA,AL
158383,INST.FED.DE ALAGOAS/CAMPUS PALMEIRA DOS IND.,AL
158392,INST. FED. DE SERGIPE/CAMPUS SÃO CRISTOVÃO,SE
158393,INST. FED. DE SERGIPE/CAMPUS ARACAJU,SE
158394,INST. FED. DE SERGIPE/CAMPUS LAGARTO,SE
158396,INST. FED. DO PARANÁ/CAMPUS FOZ DO IGUAÇU,PA
158397,INST. FED. DO PARANÁ/CAMPUS PARANAGUA,PA
158398,INST. FED. DO PARANÁ/CAMPUS PARANAVAI,PA
158403,INST. FED. DA BAHIA/CAMPUS CAMAÇARI,BA
158404,INST. FED. DA BAHIA/CAMPUS BARREIRAS,BA
158405,INST. FED. DA BAHIA/CAMPUS VALENÇA,BA
158406,INST. FED. DA BAHIA/CAMPUS SANTO AMARO,BA
158407,INST. FED.DA BAHIA/CAMPUS SIMOES FILHO,BA
158408,INST. FED. DA BAHIA/CAMPUS PORTO SEGURO,BA
158409,INST. FED. DA BAHIA/CAMPUS VIT. DA CONQUISTA,BA
158410,INST. FED. DA BAHIA/CAMPUS EUNAPOLIS,BA
158411,INST. FED. DA BAHIA/CAMPUS SALVADOR,BA
158412,INST FED SUDESTE DE MG/CAMPUS RIO POMBA,MG
158413,INST FED SUDESTE DE MG/CAMPUS BARBACENA,MG
158414,INST FED SUDESDE DE MG/CAMPUS JUIZ DE FORA,MG
158415,INST FED SUDESTE DE MG/CAMPUS MURIAE,MG
158416,INST.FED. ESPIRITO SANTO/CAMPUS VITORIA,ES
158417,INST.FED. ESPIRITO SANTO/CAMPUS SERRA,ES
158418,INST.FED. ESPIRITO SANTO/CAMPUS CACHOEIRO,ES
158419,INST.FED. ESPIRITO SANTO/CAMPUS ARACRUZ,ES
158420,INST.FED. ESPIRITO SANTO/CAMPUS LINHARES,ES
158421,INST.FED. ESPIRITO SANTO/CAMPUS CARIACICA,ES
158422,INST.FED. ESPIRITO SANTO/CAMPUS NOVA VENECIA,ES
158423,INST.FED. ESPIRITO SANTO/CAMPUS SÃO MATEUS,ES
158424,INST.FED. ESPIRITO SANTO/CAMPUS ITAPINA,ES
158425,INST.FED. ESPIRITO SANTO/CAMPUS ALEGRE,ES
158426,INST.FED. ESPIRITO SANTO/CAMPUS SANTA TERESA,ES
158427,INST.FED. ESPIRITO SANTO/CAMPUS VILA VELHA,ES
158428,INST.FED. ESPIRITO SANTO/CAMPUS IBATIBA,ES
158429,INST.FED. ESPIRITO SANTO/CAMPUS V.N. DO IMIGR,ES
158430,INST.FED.DE GOIAS/CAMPUS GOIANIA,GO
158431,INST.FED.DE GOIAS/CAMPUS JATAI,GO
158432,INST.FED.DE GOIAS/CAMPUS INHUMAS,GO
158434,T.FED.DE GOIAS/CAMPUS URUAÇU,GO
158437,INST.FED.DO NORTE DE MG/CAMPUS MONTES CLAROS,MG
158438,INST.FED.DO NORTE DE MG/CAMPUS ARINOS,MG
158439,INST.FED.DO NORTE DE MG/CAMPUS ALMENARA,MG
158440,INST.FED.DO NORTE DE MG/CAMPUS PIRAPORA,MG
158441,INST.FED DO NORTE DE MG/CAMPUS ARACUAI,MG
158444,INST.FED.DO AMAZONAS/CAMPUS MANAUS ZONA LESTE,AM
158445,INST.FED.DO AMAZONAS/CAMPUS MANAUS CENTRO,AM
158446,CAMPUS MANAUS DISTRITO INDUSTRIAL,AM
158448,INST.FED.DO MS/CAMPUS AQUIDAUANA,MS
158449,INST. FED. DO MS/CAMPUS CAMPO GRANDE,MS
158450,INST. FED. DO MS/CAMPUS CORUMBA,MS
158452,INST. FED. DO MS/CAMPUS NOVA ANDRADINA,MS
158453,INST. FED. DO MS/CAMPUS PONTA PORA,MS
158456,INST.FED.DO MARANHAO/CAMPUS CAXIAS,MA
158457,INST.FED.DO MARANHAO/CAMPUS TIMON,MA
158458,INST. FED. CATARINENSE/CAMPUS RIO DO SUL,RS
158463,INST.FED.DO PE/CAMPUS IPOJUCA,PE
158464,INST.FED. DO PE/CAMPUS RECIFE,PE
158465,INST.FED.DO PE/CAMPUS VITORIA DE ST. ANTAO,PE
158466,INST.FED. DO PE/CAMPUS BARREIROS,PE
158469,INST.FED.DA PARAIBA/CAMPUS JOAO PESSOA,PA
158470,INST.FED. DA PARAIBA/CAMPUS PATOS,PA
158471,INST.FED.DA PARAIBA/CAMPUS PRINCESA ISABEL,PA
158472,INST.FED. DA PARAIBA/CAMPUS DE MONTEIRO,PA
158473,INST.FED. DA PARAIBA/CAMPUS DE PICUI,PA
158474,INST.FED.DA PARAIBA/CAMPUS DE CABEDELO,PA
158475,INST.FED. MINAS GERAIS/CAMPUS OURO PRETO,MG
158476,INST.FED.MINAS GERAIS/CAMPUS S.J.EVANGELISTA,MG
158477,INST.FED.DO PE/CAMPUS PESQUEIRA,PE
158478,INST.FED DO PE/CAMPUS BELO JARDIM,PE
158481,INST.FED.DO PARA/CAMPUS TUCURUI,PA
158482,INST.FED.DO RJ/CAMPUS DUQUE DE CAXIAS,RJ
158483,1NST.FED.DO RJ/CAMPUS NILOPOLIS,RJ
158484,INST.FED.DO RJ/CAMPUS PARACAMBI,PA
158485,INST.FED.DO RJ/CAMPUS PINHEIRAL,RJ
158486,INST.FED.DO RJ/CAMPUS RJ - REALENGO,RJ
158487,INST.FED.DO RJ/CAMPUS SAO GONÇALO,RJ
158488,INST.FED.DO RJ/CAMPUS VOLTA REDONDA,RJ
158489,INST.FED.DO TOCANTINS/CAMPUS PARAISO DO TO,PA
158492,INST.FED.MATO GROSSO/CAMPUS CAMPO N. PARECIS,MT
158493,INST.FED.MATO GROSSO/CAMPUS JUINA,MT
158494,INST.FED.MATO GROSSO/CAMPUS BELA VISTA,MT
158495,INST.FED.MATO GROSSO/CAMPUS PONTES LACERDA,MT
158496,INST.FED.MATO GROSSO/CAMPUS CONFRESA,MT
158497,INST.FED.MATO GROSSO/CAMPUS BARRA DO GARÇAS,MT
158498,INST.FED.MATO GROSSO/CAMPUS RONDONOPOLIS,MT
158502,INST.FED.DO RJ/CAMPUS RJ - MARACANÃ,RJ
158510,INST.FED.RORAIMA - CAMPUS AMAJARI,RR
158511,INST.FED.DO TOCANTINS/CAMPUS ARAGUAINA,TO
158513,INST.FED. MINAS GERAIS/CAMPUS FORMIGA,MG
158514,INST.FED. MINAS GERAIS/CAMPUS CONGONHAS,MG
158515,UNIVERSIDADE FEDERAL DO OESTE DO PARA,PA
158516,INST.FED.DE EDUC.,SC
158556,INST.FED.DO TOCANTINS/CAMPUS GURUPI,TO
158557,INST.FED.DO TOCANTINS/CAMPUS PORTO NACIONAL,TO
158568,IF SERTÃO PE/CAMPUS SALGUEIRO,PE
158570,IF SERTÃO PE/CAMPUS OURICURI,PE
158585,INST. FED. DA BAHIA/CAMPI PAULO AFONSO,BA
158587,INST. FED. DA BAHIA/CAMPUS ILHEUS,BA
158588,INST. FED. DA BAHIA/CAMPUS JEQUIE,BA
158590,INST. FED. DA BAHIA/CAMPUS FEIRA DE SANTANA,BA
158674,INST.FED.DO RS/CAMPUS FARROUPILHA,RS
158675,INST.FED.DO RS/CAMPUS IBIRUBÁ,RS
158676,INST.FED.DO RS/CAMPUS FELIZ,RS
160002,COMANDO DE FRONTEIRA ACRE/4 BIS,AC
160013,COLEGIO MILITAR DE MANAUS,NO
160020,HOSPITAL MILITAR DE AREA DE MANAUS,NO
160026,COMANDO DE FRONTEIRA - AMAPA E 34 BIS,AP
160039,HOSPITAL GERAL DE SALVADOR,NE
160046,COLEGIO MILITAR DE FORTALEZA,NE
160050,HOSPITAL GERAL DE FORTALEZA,NE
160060,BATALHAO DE POLICIA DO EXERCITO DE BRASILIA,CO
160064,COLEGIO  MILITAR DE BRASILIA,CO
160077,COLEGIO MILITAR DE CURITIBA,SL
160082,PREFEITURA MILITAR DE BRASILIA,CO
160084,COLEGIO MILITAR DE RECIFE,NE
160088,HOSPITAL MILITAR DE AREA DE BRASILIA,DF
160094,COMISSAO DO EXERCITO BRASILEIRO EM WASHINGTON,EX
160191,CENTRO PREPARACAO OFICIAIS RESERVA/RECIFE,PA
160199,HOSPITAL MILITAR DE AREA DE RECIFE,NE
160217,5 GRUPO DE ARTILHARIA DE CAMPANHA/AP,AP
160223,HOSPITAL GERAL DE CURITIBA,SL
160254,1 BATALHAO DE INFANTARIA MOTORIZADO (ES),ES
160267,2 BATALHAO DE INFANTARIA MOTORIZADO (ES),ES
160274,25 BATALHAO LOGISTICO (ES),ES
160277,31 GRUPO DE ARTILHARIA DE CAMPANHA (ES),ES
160279,57 BATALHAO DE INFANTARIA MOTORIZADO (ES),ES
160290,CENTRO DE PREPARACAO OFICIAIS RESERVA/RJ,PA
160292,COLEGIO MILITAR DO RIO DE JANEIRO,RJ
160296,COMANDO BRIGADA INFANTARIA PARAQUEDISTA,PA
160323,HOSPITAL GERAL DO RIO DE JANEIRO,RJ
160334,POLICLINICA MILITAR DO RIO DE JANEIRO,RJ
160346,COMANDO DE FRONTEIRA RONDONIA/6 BIS,RO
160351,HOSPITAL DE GUARNICAO DE PORTO VELHO,NO
160352,COMANDO DE FRONTEIRA DE RORAIMA/7 BIS,RR
160371,29 GRUPO DE ARTILHARIA DE CAMPANHA AP,AP
160391,CENTRO DE PREPARACAO OFICIAIS RESERVA/PA,PA
160393,COLEGIO MILITAR DE PORTO ALEGRE,SL
160399,HOSPITAL MILITAR DE AREA DE PORTO ALEGRE,SL
160400,POLICLINICA MILITAR DE PORTO ALEGRE,SL
160409,3 GRUPO DE ARTILHARIA DE CAMPANHA/AP,AP
160432,16 GRUPO DE ARTILHARIA DE CAMPANHA AP,AP
160445,HOSPITAL DE GUARNICAO DE FLORIANOPOLIS,SL
160468,ESCOLA PREPARATORIA DE CADETES DO EXERCITO,PA
160487,CENTRO DE PREPARACAO OFICIAIS RESERVAS/SP,PA
160495,HOSPITAL MILITAR DE AREA DE SAO PAULO,SP
160529,ARSENAL DE GUERRA DE SAO PAULO,SP
167002,COMANDO DE FRONTEIRA ACRE/4 BIS,AC
167013,COLEGIO MILITAR DE MANAUS,NO
167020,HOSPITAL MILITAR DE AREA DE MANAUS,NO
167026,COMANDO DE FRONTEIRA - AMAPA E 34 BIS,AP
167039,HOSPITAL GERAL DE SALVADOR,NE
167046,COLEGIO MILITAR DE FORTALEZA,NE
167050,HOSPITAL GERAL DE FORTALEZA,NE
167060,BATALHAO DE POLICIA DO EXERCITO DE BRASILIA,CO
167064,COLEGIO  MILITAR DE BRASILIA,CO
167077,COLEGIO MILITAR DE CURITIBA,SL
167082,PREFEITURA MILITAR DE BRASILIA,CO
167084,COLEGIO MILITAR DE RECIFE,NE
167088,HOSPITAL MILITAR DE AREA DE BRASILIA,CO
167191,CENTRO PREPARACAO OFICIAIS RESERVA/RECIFE,PA
167199,HOSPITAL MILITAR DE AREA DE RECIFE,NE
167217,5 GRUPO DE ARTILHARIA DE CAMPANHA/AP,AP
167223,HOSPITAL GERAL DE CURITIBA,SL
167267,2 BATALHAO DE INFANTARIA MOTORIZADO (ES),ES
167274,25 BATALHAO LOGISTICO (ES),ES
167277,31 GRUPO DE ARTILHARIA DE CAMPANHA (ES),ES
167279,57 BATALHAO DE INFANTARIA MOTORIZADO (ES),ES
167290,CENTRO DE PREPARACAO OFICIAIS RESERVA/RJ,PA
167292,COLEGIO MILITAR DO RIO DE JANEIRO,RJ
167296,COMANDO BRIGADA INFANTARIA PARAQUEDISTA,PA
167323,HOSPITAL GERAL DO RIO DE JANEIRO,RJ
167346,COMANDO DE FRONTEIRA RONDONIA/6 BIS,RO
167351,HOSPITAL DE GUARNICAO DE PORTO VELHO,NO
167352,COMANDO DE FRONT.-RR E 7.BAT.DE INF.DE SELVA,RR
167391,CENTRO DE PREPARACAO OFICIAIS RESERVA/PA,PA
167393,COLEGIO MILITAR DE PORTO ALEGRE,SL
167400,POLICLINICA MILITAR DE PORTO ALEGRE,SL
167409,3 GRUPO DE ARTILHARIA DE CAMPANHA/AP,AP
167445,HOSPITAL DE GUARNICAO DE FLORIANOPOLIS,SL
167468,ESCOLA PREPARATORIA DE CADETES DO EXERCITO,PA
167487,CENTRO DE PREPARACAO OFICIAIS RESERVAS/SP,PA
167495,HOSPITAL MILITAR DE AREA DE SAO PAULO,SP
167529,ARSENAL DE GUERRA DE SAO PAULO,SP
170019,DELEGACIA DA RFB EM BRASILIA,CO
170024,DELEGACIA DA RFB EM MACAPA,NO
170025,SUPERINTENDÊNCIA DE ADMINISTRAÇÃO DO MF/MA,MA
170032,SUPERINTENDÊNCIA DE ADMINISTRAÇÃO DO MF/PI,PI
170038,SUPERINTENDÊNCIA DE ADMINISTRAÇÃO DO MF/CE,CE
170039,CENTRO REGIONAL DE TREINAMENTO DA ESAF/CE,CE
170041,DELEGACIA DA RFB EM FORTALEZA,NE
170045,SUPERINTENDÊNCIA DE ADMINISTRAÇÃO DO MF/RN,RN
170050,SUPERINTENDÊNCIA DE ADMINISTRAÇÃO DO MF/PB,PB
170055,SUPERINTENDÊNCIA DE ADMINISTRAÇÃO DO MF/PE,PE
170059,DELEGACIA DA RFB EM RECIFE,NE
170061,INSPETORIA DA RFB EM RECIFE,NE
170064,SUPERINTENDÊNCIA DE ADMINISTRAÇÃO DO MF/AL,AL
170069,SUPERINTENDÊNCIA DE ADMINISTRAÇÃO DO MF/SE,SE
170075,SUPERINTENDÊNCIA DE ADMINISTRAÇÃO DO MF/BA,BA
170077,CENTRO REGIONAL DE TREINAMENTO DA ESAF/BA,BA
170079,DELEGACIA DA RFB EM SALVADOR,NE
170085,SUPERINTENDÊNCIA DE ADMINISTRAÇÃO DO MF/MG,MG
170087,CENTRO REGIONAL DE TREINAMENTO DA ESAF/MG,MG
170100,SUPERINTENDÊNCIA DE ADMINISTRAÇÃO DO MF/ES,ES
170106,SUPERINTENDÊNCIA DE ADMINISTRAÇÃO DO MF/MS,MS
170108,ALFANDEGA DA RFB PORTO DE FORTALEZA,NE
170114,SUPERINTENDÊNCIA DE ADMINISTRAÇÃO DO MF/RJ,RJ
170115,CENTRO REGIONAL DE TREINAMENTO DA ESAF/RJ,RJ
170118,ALFANDEGA DA RFB PORTO DO RIO DE JANEIRO,RJ
170131,SUPERINTENDÊNCIA DE ADMINISTRAÇÃO DO MF/SP,SP
170153,SUPERINTENDÊNCIA DE ADMINISTRAÇÃO DO MF/PR,PR
170155,CENTRO REGIONAL DE TREINAMENTO DA ESAF/PR,PR
170158,DELEGACIA DA RFB EM CURITIBA,SL
170163,ALFANDEGA DA RFB PORTO DE PARANAGUA,PA
170166,SUPERINTENDÊNCIA DE ADMINISTRAÇÃO DO MF/SC,SC
170169,DELEGACIA DA RFB EM FLORIANOPOLIS,SL
170175,SUPERINTENDÊNCIA DE ADMINISTRAÇÃO DO MF/RS,RS
170181,DELEGACIA DA RFB EM PORTO ALEGRE,SL
170190,SUPERINTENDÊNCIA DE ADMINISTRAÇÃO DO MF/MT,MT
170195,SUPERINTENDÊNCIA DE ADMINISTRAÇÃO DO MF/GO,GO
170198,DELEGACIA DA RFB EM GOIANIA,CO
170201,DELEGACIA DA RFB EM PORTO VELHO,NO
170205,DELEGACIA DA RFB EM RIO BRANCO,NO
170207,SUPERINTENDÊNCIA DE ADMINISTRAÇÃO DO MF/AM,AM
170209,DELEGACIA DA RFB EM MANAUS,NO
170213,DELEGACIA DA RFB EM BOA VISTA,NO
170214,SUPERINTENDÊNCIA DE ADMINISTRAÇÃO DO MF/PA,PA
170216,CENTRO REGIONAL DE TREINAMENTO DA ESAF/PA,PA
170225,ALFANDEGA DO PORTO DE SÃO LUIS/MA,MA
170226,ALFANDEGA DA RFB PORTO DE SALVADOR,NE
170257,DELEGACIA DA RFB NO RJ I,RJ
170258,INSPETORIA DA RFB NO RIO DE JANEIRO,RJ
170269,INSPETORIA DA RFB EM PORTO ALEGRE,SL
170271,DELEGACIA DA RFB EM PALMAS,NO
170289,DELEGACIA DA RFB JULGAMENTO EM BRASILIA,CO
170293,DELEGACIA DA RFB JULGAMENTO EM FORTALEZA,NE
170294,DELEGACIA DA RFB JULGAMENTO EM RECIFE,NE
170295,DELEGACIA DA RFB JULGAMENTO EM SALVADOR,NE
170298,DELEGACIA DA RFB JULGAMENTO RIO DE JANEIRO-I,RJ
170299,DELEGACIA DA RFB JULGAMENTO EM SAO PAULO-I,SP
170302,DELEGACIA DA RFB JULGAMENTO EM CURITIBA,SL
170312,DELEGACIA ESPEC.RFB DE ADMIN. TRIBUTÁRIA/SP,SP
170313,DELEGACIA DA RFB ESP.INST.FINANCEIRAS EM SP,SP
170316,DELEGACIA ESPECIAL MAIORES CONTRIBUINTES RJ,RJ
170320,DELEGACIA ESPECIAL MAIORES CONTRIBUINTES SP,SP
170332,DELEGACIA DA RFB EM JI-PARANA,PA
170342,INSPETORIA DA RFB EM FLORIANOPOLIS,SL
170343,INSPETORIA DA RFB EM CURITIBA,SL
170344,SUPERINTENDÊNCIA DE ADMINISTRAÇÃO DO MF/AC,AC
170345,SUPERINTENDÊNCIA DE ADMINISTRAÇÃO DO MF/AP,AP
170346,SUPERINTENDÊNCIA DE ADMINISTRAÇÃO DO MF/RO,RO
170347,SUPERINTENDÊNCIA DE ADMINISTRAÇÃO DO MF/RR,RR
170382,ALFANDEGA DA RFB AEROP.INTERNAC.DE SALVADOR,NE
170383,DELEGACIA DA RFB NO RIO DE JANEIRO II,RJ
170393,FCDF SSP   POLICIA MILITAR DO DF,DF
170394,FCDF SSP CORPO BOMBEIRO MILITAR DO DF,DF
170395,FCDF SSP   POLICIA CIVIL DO DF,DF
170498,UCP/SE/MF - PNAFM 2ª FASE,SE
170516,DELEGACIA DA RFB EM ANAPOLIS,CO
170531,SUPERINTENDÊNCIA DE ADMINISTRAÇÃO DO MF/DF,DF
170533,ALFANDEGA DA RFB EM SAO PAULO,SP
170940,COORD-GERAL DE PLANEJ. E ORCAMENTO/DGI/SE/CGU,SE
173039,SUPERINTENDENCIA DE SEGUROS PRIVADOS - RJ,RJ
183039,SUPERINTENDENCIA DO INMETRO NO ESTADO DO RS,RS
190004,FUNAI-COORDENAÇÃO REGIONAL DE JI-PARANA/RO,PA
193001,DNOCS CEST/PI-TERESINA-PI,PI
193003,DNOCS CEST/CE - FORTALEZA-CE,CE
193004,DNOCS - CEST/RN - NATAL-RN,RN
193005,DNOCS - CEST/PB - JOAO PESSOA - PB,PB
193007,DNOCS - CEST/AL-PALMEIRA DOS INDIOS,AL
193008,DNOCS - CEST/SE ARACAJU - SE,SE
193009,DNOCS - CEST/BA - SALVADOR - BA,BA
193010,DNOCS - CEST/MG - MONTES CLAROS-MG,MG
193028,SUPERINTENDENCIA DA ZONA FRANCA DE MANAUS/AM,AM
193100,IBAMA - SUPERINTENDENCIA DO AMAZONAS/AM,AM
193101,IBAMA - SUPERINTENDENCIA DE ALAGOAS/AL,AL
193102,IBAMA - SUPERINTENDENCIA DO AMAPA/AP,AP
193103,IBAMA - SUPERINTENDENCIA DA BAHIA/BA,BA
193104,IBAMA - SUPERINTENDENCIA DO CEARA/CE,CE
193105,IBAMA - SUPERINTENDENCIA DO ACRE/AC,AC
193106,IBAMA - SUPERINTENDENCIA DISTRITO FEDERAL/DF,DF
193107,IBAMA - SUPERINTENDENCIA DO ESPIRITO SANTO/ES,ES
193108,IBAMA - SUPERINTENDENCIA DE GOIAS/GO,GO
193110,IBAMA - SUPERINTENDENCIA DO MARANHAO/MA,MA
193111,IBAMA - SUPERINTENDENCIA DE MINAS GERAIS/MG,MG
193112,IBAMA - SUPERINTENDENCIA MATO GROSSO SUL/MS,MT
193113,IBAMA - SUPERINTENDENCIA DO MATO GROSSO/MT,MT
193114,IBAMA - SUPERINTENDENCIA DO PARA/PA,PA
193115,IBAMA - SUPERINTENDENCIA DA PARAIBA/PB,PA
193116,IBAMA - SUPERINTENDENCIA DE PERNAMBUCO/PE,PE
193117,IBAMA - SUPERINTENDENCIA DO PIAUI/PI,PI
193119,IBAMA - SUPERINTENDENCIA DO RIO DE JANEIRO/RJ,RJ
193120,IBAMA - SUPERINTENDENCIA RIO GRANDE NORTE/RN,RN
193121,IBAMA - SUPERINTENDENCIA DE RONDONIA/RO,RO
193122,IBAMA - SUPERINTENDENCIA DE RORAIMA/RR,RR
193124,IBAMA - SUPERINTENDENCIA DO RIO GRANDE SUL/RS,RS
193125,IBAMA - SUPERINTENDENCIA DE SANTA CATARINA/SC,SC
193126,IBAMA - SUPERINTENDENCIA DE SERGIPE/SE,SE
193129,IBAMA - SUPERINTENDENCIA DE SAO PAULO/SP,SP
193183,IBAMA - SUPERINTENDENCIA DO TOCANTINS/TO,TO
193356,IBAMA - GERENCIA EXECUTIVA - SANTAREM/PA,PA
194003,COORDENAÇÃO REGIONAL DE CACOAL/RO,RO
194004,COORDENAÇÃO REG. DE GUAJARA MIRIM/RO,RO
194006,COORDENAÇÃO REGIONAL DE MANAUS/AM,AM
194007,COORDENAÇÃO REG. DO VALE DO JAVARI/AM,AM
194008,COORDENAÇÃO REGIONAL DO RIO NEGRO/AM,AM
194009,COORDENAÇÃO REGIONAL RORAIMA/RR,RR
194010,COORD. REG. CENTRO-LESTE DO PARA/PA,PA
194011,COORDENAÇÃO REGIONAL BAIXO TOCANTINS/PA,TO
194012,COORDENAÇÃO REGIONAL TAPAJÓS/PA,PA
194018,COORDENAÇÃO REG.BAIXO SÃO FRANCISCO/BA,BA
194019,COORD.REG.DE MINAS GERAIS E ESPIRITO SANTO/MG,ES
194020,FUNAI-COORDENAÇÃO REGIONAL DE CAMPO GRANDE/MS,MS
194022,MUSEU DO INDIO - RIO DE JANEIRO,RJ
194027,COORDENAÇÃO REGIONAL PASSO FUNDO/RS,RS
194028,COORDENAÇÃO REGIONAL DE CUIABA/MT,MT
194029,COORDENAÇÃO REGIONAL XAVANTE/MT,MT
194031,COORDENAÇÃO REGIONAL XINGU/MT,MT
194033,COORDENAÇÃO REGIONAL ARAGUAIA TOCANTINS/TO,TO
194035,FUNAI-SEDE BRASILIA/DF,DF
194036,COORDENAÇÃO REG. NORTE DO MATO GROSSO/MT,MT
194041,COORDENAÇÃO REGIONAL NORDESTE 2/CE,CE
194042,COORD. REG. RIBEIRÃO CASCALHEIRA/MT,MT
194044,COORDENAÇÃO REG. KAYAPO SUL DO PARA/PA,PA
194045,FUNAI-COORDENAÇÃO REGIONAL DO MADEIRA/AM,AM
194046,COORDENAÇÃO REG. LITORAL SUDESTE/SP,SP
194047,FUNAI-COORDENAÇÃO REGIONAL DO LITORAL SUL/SC,SC
194048,COORDENAÇÃO REGIONAL MEDIO PURUS/AM,AM
194061,COORDENAÇÃO REGIONAL INTERIOR SUL/SC,SC
194063,COORDENAÇÃO REG. DO ALTO SOLIMÕES/AM,AM
194064,COORDENAÇÃO REGIONAL DOURADOS/MS,MS
194067,COORDENAÇÃO REG. NOROESTE DO MATO GROSSO/MT,MT
194068,COORDENAÇÃO REGIONAL SUL DA BAHIA/BA,BA
194074,COORDENAÇÃO REGIONAL MARANHAO/MA,MA
194075,COORDENAÇÃO REG.AMAPA E NORTE DO PARA/AP,AP
194077,COORDENAÇÃO REGIONAL NORDESTE 1/AL,AL
194085,COORDENAÇÃO REGIONAL DE PONTA PORÃ/MS,MS
200008,MINISTERIO PUBLICO MILITAR - DF,DF
200009,MINISTERIO PUBLICO DO DF E TERRITORIOS,DF
200016,SECRETARIA DE DIREITOS HUMANOS/PR,PR
200021,SECRETARIA DE POLITICAS PARA AS MULHERES,PA
200022,PROCURADORIA DA REPUBLICA - SE,SE
200023,PROCURADORIA DA REPUBLICA - DF,DF
200024,PROCURADORIA REG.DO TRABALHO 10A. REGIAO - DF,DF
200031,PROCURADORIA DA REPUBLICA - BA,BA
200032,PROCURADORIA REG.DO TRABALHO 5A. REGIAO - BA,BA
200035,PROCURADORIA DA REPUBLICA - MG,MG
200036,PROCURADORIA REG.DO TRABALHO 3A. REGIAO - MG,MG
200038,PROCURADORIA DA REPUBLICA - ES,ES
200040,PROCURADORIA DA REPUBLICA - MS,MS
200043,PROCURADORIA DA REPUBLICA - RJ,RJ
200044,PROCURADORIA REG.DO TRABALHO 1A. REGIAO - RJ,RJ
200046,PROCURADORIA DA REPUBLICA - RO,RO
200049,PROCURADORIA DA REPUBLICA - SP,SP
200050,PROCURADORIA REG.DO TRABALHO 2A. REGIAO - SP,SP
200053,PROCURADORIA DA REPUBLICA - PR,PR
200054,PROCURADORIA REG.DO TRABALHO 9A. REGIAO- PR,PR
200058,PROCURADORIA DA REPUBLICA - SC,SC
200059,PROCURADORIA REG.DO TRABALHO 12A. REGIAO- SC,SC
200061,PROCURADORIA DA REPUBLICA - RS,RS
200062,PROCURADORIA REG.DO TRABALHO 4A. REGIAO - RS,RS
200064,PROCURADORIA DA REPUBLICA - MT,MT
200066,PROCURADORIA DA REPUBLICA - GO,GO
200069,PROCURADORIA DA REPUBLICA - AC,AC
200071,PROCURADORIA DA REPUBLICA - AM,AM
200072,PROCURADORIA REG.DO TRABALHO 11A. REGIAO- AM,AM
200075,PROCURADORIA DA REPUBLICA - PA,PA
200076,PROCURADORIA REG.DO TRABALHO 8A. REGIAO- PA,PA
200078,PROCURADORIA DA REPUBLICA - MA,MA
200080,PROCURADORIA DA REPUBLICA - PI,PI
200082,PROCURADORIA DA REPUBLICA - CE,CE
200083,PROCURADORIA REG.DO TRABALHO 7A. REGIAO- CE,CE
200085,PROCURADORIA DA REPUBLICA - RN,RN
200087,PROCURADORIA DA REPUBLICA - PB,PB
200089,PROCURADORIA REG.DO TRABALHO 13A. REGIAO- PB,PB
200090,PROCURADORIA DA REPUBLICA - PE,PE
200091,PROCURADORIA REG.DO TRABALHO 6A. REGIAO- PE,PE
200093,PROCURADORIA DA REPUBLICA - AL,AL
200095,PROCURADORIA REG.DO TRABALHO - 14 REGIAO- RO,RO
200096,PROCURADORIA REG.TRAB.-15.REGIAO-CAMPINAS/SP,SP
200098,PROCURADORIA REG. DO TRABALHO 22A.REGIAO/PI,PI
200099,PROCURADORIA REG. DO TRABALHO 21A.REGIAO/RN,RN
200102,PROCURADORIA REGIONAL DA REPUBLICA-4A.REG./RS,RS
200106,PROCURADORIA REG.DO TRABALHO 16A.REGIAO - MA,MA
200110,3. DISTRITO DE POLICIA RODOVIARIA FEDERAL/AM,AM
200130,20A.SUPERINT.DE POLICIA RODOVIARIA FEDERAL/SE,SE
200139,2º DISTRITO DE POLICIA RODOVIARIA FEDERAL/TO,TO
200141,1O DISTRITO REG.DE POLICIA RODOV.FEDERAL-DF,DF
200201,PROCURADORIA DA REPUBLICA NO EST.DO TOCANTINS,TO
200205,PROCURADORIA REGIONAL DO TRABALHO DA 23A.-MT,MT
200206,PROCURADORIA REGIONAL DO TRABALHO DA 24A.-MS,MS
200247,ARQUIVO NACIONAL - RJ,RJ
200338,SUPERINTENDENCIA REGIONAL NO DISTRITO FEDERAL,DF
200344,SUPERINTENDENCIA REGIONAL NO ESTADO DE SE,SE
200346,SUPERINTENDENCIA REGIONAL NO ESTADO DA BA,BA
200350,SUPERINTENDENCIA REG DA POLICIA FEDERAL EM MG,MG
200352,SUPERINTENDENCIA REGIONAL NO ESTADO DO ES,ES
200354,SUPERINTENDENCIA REGIONAL NO ESTADO DO MS,MS
200356,SUPERINTENDENCIA REGIONAL NO ESTADO DO RJ,RJ
200358,SUPERINTENDENCIA REGIONAL NO ESTADO DE AL,AL
200360,SUPERINTENDENCIA REGIONAL NO ESTADO DE SP,SP
200364,SUPERINTENDENCIA REGIONAL NO ESTADO DO PR,PR
200370,SUPERINTENDENCIA REGIONAL NO ESTADO DE SC,SC
200372,SUPERINTENDENCIA REGIONAL NO ESTADO DO RS,RS
200374,SUPERINTENDÊNCIA REGIONAL NO ESTADO DO MT,MT
200376,SUPERINTENDÊNCIA REGIONAL NO ESTADO DO GO,GO
200378,SUPERINTENDENCIA REGIONAL NO ESTADO DE RO,RO
200380,SUPERINTENDÊNCIA REGIONAL NO ESTADO DO AC,AC
200382,SUPERINTENDENCIA REGIONAL NO ESTADO DO AM,AM
200384,SUPERINTENDENCIA REGIONAL NO ESTADO DE RR,RR
200386,SUPERINTENDENCIA REGIONAL NO ESTADO DO PA,PA
200388,SUPERINTENDENCIA REGIONAL NO ESTADO DO MA,MA
200390,SUPERINTENDENCIA REGIONAL NO ESTADO DO PI,PI
200392,SUPERINTENDENCIA REGIONAL NO ESTADO DO CE,CE
200394,SUPERINTENDENCIA REGIONAL NO ESTADO DO RN,RN
200396,SUPERINTENDÊNCIA REGIONAL NO ESTADO DA PB,PB
200398,SUPERINTENDÊNCIA REGIONAL NO ESTADO DE PE,PE
200402,SUPERINTENDENCIA REGIONAL NO ESTADO DO AP,AP
200404,SUPERINTENDENCIA REGIONAL NO ESTADO DE TO,TO
200600,PENITENCIARIA FEDERAL DE CAMPO GRANDE - MS,MS
200601,PENITENCIARIA FEDERAL EM CATANDUVAS - PR,PR
200602,PENITENCIARIA FEDERAL EM MOSSORO - RN,RN
240003,MRE - ESCRITORIO DE RPRES.NO RIO DE JANEIRO,RJ
240031,ESCRIT.DE REP.DO MINIST.RELAC.EXTERIORES/SP,SP
240041,ESCRITORIO DE REPRESENTACAO EM SANTA CATARINA,SC
240125,MUSEU PARAENSE EMILIO GOELDI,PA
240226,ESCRITÓRIO DE REPRESENTAÇÃO NA BAHIA,BA
250012,NUCLEO ESTADUAL DO MS/AC,AC
250013,NUCLEO ESTADUAL DO MS/AL,AP
250014,NUCLEO ESTADUAL DO MS/AP,AP
250015,NUCLEO ESTADUAL DO MS/AM,AM
250016,NUCLEO ESTADUAL DO MS/BA,BA
250017,NUCLEO ESTADUAL DO MS/CE,CE
250019,NUCLEO ESTADUAL DO MS/ES,ES
250021,NUCLEO ESTADUAL DO MS/GO,CO
250022,NUCLEO ESTADUAL DO MS/MA,MA
250023,NUCLEO ESTADUAL DO MS/MT,CO
250025,NUCLEO ESTADUAL DO MS/MG,MG
250026,NUCLEO ESTADUAL DO MS/PA,PA
250027,NUCLEO ESTADUAL DO MS/PB,PB
250028,NUCLEO ESTADUAL DO MS/PR,PR
250029,NUCLEO ESTADUAL DO MS/PE,PE
250031,NUCLEO ESTADUAL DO MS/RJ,RJ
250032,NUCLEO ESTADUAL DO MS/RN,RN
250033,NUCLEO ESTADUAL DO MS/RS,RS
250036,NUCLEO ESTADUAL DO MS/SC,SC
250037,NUCLEO ESTADUAL DO MS-SP,SP
250038,NUCLEO ESTADUAL DO MS/SE,SE
250052,INSTITUTO NACIONAL DO CANCER - RJ,RJ
253004,COORD.DE VIG.SANIT.DE PORTOS,DF
253005,COORD.DE VIG.SANIT.DE PORTOS,DF
253006,COORD.DE VIG.SANIT.DE PORTOS,DF
253007,COORD.DE VIG.SANIT.DE PORTOS,DF
253008,COORD.DE VIG.SANIT.DE PORTOS,DF
253009,COORD.DE VIG.SANIT.DE PORTOS,DF
253010,COORD.DE VIG.SANIT.DE PORTOS,DF
253011,COORD.DE VIG.SANIT.DE PORTOS,DF
253012,COORD.DE VIG.SANIT.DE PORTOS,DF
253013,COORD.DE VIG.SANIT.DE PORTOS,DF
253014,COORD.DE VIG.SANIT.DE PORTOS,DF
253015,COORD.DE VIG.SANIT.DE PORTOS,DF
253016,COORD.DE VIG.SANIT.DE PORTOS,DF
253017,COORD.DE VIG.SANIT.DE PORTOS,DF
253018,COORD.DE VIG.SANIT.DE PORTOS,DF
253021,COORD.DE VIG.SANIT.DE PORTOS,DF
253023,COORD.DE VIG.SANIT.DE PORTOS,DF
253024,COORD.DE VIG.SANIT.DE PORTOS,DF
253026,COORD.DE VIG.SANIT.DE PORTOS,DF
253027,COORD.DE VIG.SANIT.DE PORTOS,DF
253028,COORD.DE VIG.SANIT.DE PORTOS,DF
253029,COORD.DE VIG.SANIT.DE PORTOS,DF
253033,ANS - DISTRITO FEDERAL,DF
255000,FUNDACAO NACIONAL DE SAUDE - DF,DF
255002,FUNDAÇÃO NACIONAL DE SAUDE - AL,AL
255003,FUNDACAO NACIONAL DE SAUDE - AP,AP
255004,FUNDACAO NACIONAL DE SAUDE - AM,AM
255005,FUNDACAO NACIONAL DE SAUDE - BA,BA
255006,FUNDACAO NACIONAL DE SAUDE - CE,CE
255008,FUNDACAO NACIONAL DE SAUDE - ES,ES
255009,FUNDACAO NACIONAL DE SAUDE - GO,GO
255010,FUNDACAO NACIONAL DE SAUDE - MA,MA
255011,FUNDACAO NACIONAL DE SAUDE - MT,MT
255012,FUNDACAO NACIONAL DE SAUDE - MS,MS
255013,FUNDACAO NACIONAL DE SAUDE - MG,MG
255014,FUNDACAO NACIONAL DE SAUDE - PA,PA
255015,FUNDACAO NACIONAL DE SAUDE - PB,PB
255017,FUNDACAO NACIONAL DE SAUDE - PE,PE
255018,FUNDACAO NACIONAL DE SAUDE - PI,PI
255019,FUNDACAO NACIONAL DE SAUDE - RJ,RJ
255020,FUNDACAO NACIONAL DE SAUDE - RN,RN
255021,FUNDACAO NACIONAL DE SAUDE - RS,RS
255022,FUNDACAO NACIONAL DE SAUDE - RO,RO
255023,FUNDACAO NACIONAL DE SAUDE - RR,RR
255024,FUNDACAO NACIONAL DE SAUDE - SC,SC
255025,FUNDACAO NACIONAL DE SAUDE - SP,SP
255026,FUNDACAO NACIONAL DE SAUDE - SE,SE
255027,FUNDACAO NACIONAL DE SAUDE - TO,TO
257021,DISTRITO SANIT.ESP.INDIGENA - ALTO RIO JURUA,AC
257022,DISTRITO SANIT.ESP.INDIGENA - ALTO PURUS,AC
257023,DISTRITO SANIT.ESP.INDIGENA AL/SE,SE
257024,DISTRITO SANIT.ESP.INDIGENA - ALTO RIO NEGRO,AM
257025,DISTRITO SANIT.ESP.INDIGENA - ALTO SOLIMOES,AM
257026,DISTRITO SANIT.ESP.INDIGENA - JAVARI,AM
257027,DISTRITO SANIT.ESP.INDIGENA - MANAUS,AM
257028,DISTRITO SANIT.ESP.INDIGENA - MEDIO PURUS,AM
257029,DISTRITO SANIT.ESP.INDIGENA - MEDIO SOLIMOES,AM
257030,DISTRITO SANIT.ESP.INDIGENA - PARINTINS,AM
257031,DISTRITO SANIT.ESP.INDIGENA - AMAPA,AP
257032,DISTRITO SANIT.ESP.INDIGENA - BAHIA,BA
257033,DISTRITO SANIT.ESP.INDIGENA - CEARA,CE
257034,DISTRITO SANIT.ESP.INDIGENA - MARANHAO,MA
257036,DISTRITO SANIT.ESP.INDIGENA MATO GROSSO SUL,MT
257037,DISTRITO SANIT.ESP.INDIGENA - ARAGUAIA,TO
257038,DISTRITO SANIT.ESP.INDIGENA KAIAPO MT GROSSO,MT
257039,DISTRITO SANIT.ESP.INDIGENA - CUIABA,MT
257040,DISTRITO SANIT.ESP.INDIGENA - XAVANTE,MT
257041,DISTRITO SANIT.ESP.INDIGENA - XINGU,MT
257042,DISTRITO SANIT.ESP.INDIGENA - ALTAMIRA,PA
257043,DISTRITO SANIT.ESP.INDIGENA GUAMA TOCANTINS,TO
257044,DISTRITO SANIT.ESP.INDIGENA - KAIAPO REDENCAO,PA
257045,DISTRITO SANIT.ESP.INDIGENA - TAPAJOS,PA
257046,DISTRITO SANIT.ESP.INDIGENA - POTIGUARA,PB
257047,DISTRITO SANIT.ESP.INDIGENA - PERNAMBUCO,PE
257048,DISTRITO SANIT.ESP.INDIGENA - LITORAL SUL,PB
257049,DISTRITO SANIT.ESP.INDIGENA - PORTO VELHO,RO
257050,DISTRITO SANIT.ESP.INDIGENA - VILHENA,RO
257051,DISTRITO SANIT.ESP.INDIGENA - LESTE RR,RR
257052,DISTRITO SANIT.ESP.INDIGENA - YANOMAMI,RR
257053,DISTRITO SANIT.ESP.INDIGENA - INTERIOR SUL,RS
257054,DISTRITO SANIT.ESP.INDIGENA - TOCANTINS,TO
264001,FUNDACENTRO - FUND.JORGE DUPRAT/CTN/SEDE - SP,SP
264002,FUNDACENTRO - FUND.JORGE DUPRAT/ERMS - MS,MS
264003,FUNDACENTRO - FUND.JORGE DUPRAT/ERCA - SP,SP
264005,FUNDACENTRO - FUND.JORGE DUPRAT/CRMG - MG,MG
264006,FUNDACENTRO - FUND.JORGE DUPRAT/CRDF - DF,DF
264007,FUNDACENTRO - FUND.JORGE DUPRAT/CRPE - PE,PE
264008,FUNDACENTRO - FUND.JORGE DUPRAT/CRBA - BA,BA
264009,FUNDACENTRO - FUND.JORGE DUPRAT/CEES - ES,ES
264010,FUNDACENTRO - FUND.JORGE DUPRAT/CEPR - PR,PR
264011,FUNDACENTRO - FUND.JORGE DUPRAT/CESC - SC,SC
264013,FUNDACENTRO - FUND.JORGE DUPRAT/CERS - RS,RS
264014,FUNDACENTRO - FUND.JORGE DUPRAT/CEPA - PA,PA
275058,CIA.BRASILEIRA DE TRENS URBANOS-STU/BH,MG
275060,EMPRESA DE TRENS URBANOS DE PORTO ALEGRE S/A,RS
275075,VALEC ENGENHARIA,DF
323003,SUPERINTENDÊNCIA DO DNPM-RS,RS
323004,SUPERINTENDÊNCIA DO DNPM-SP,SP
323005,SUPERINTENDÊNCIA DO DNPM-MG,MG
323006,SUPERINTENDÊNCIA DO DNPM-PE,PE
323007,SUPERINTENDÊNCIA DO DNPM-PA,PA
323008,SUPERINTENDÊNCIA DO DNPM-GO,GO
323009,SUPERINTENDÊNCIA DO DNPM-BA,BA
323011,SUPERINTENDÊNCIA DO DNPM-RJ,RJ
323013,SUPERINTENDÊNCIA DO DNPM-SC,SC
323014,SUPERINTENDÊNCIA DO DNPM-MT,MT
323015,SUPERINTENDÊNCIA DO DNPM-PR,PR
323016,SUPERINTENDÊNCIA DO DNPM-RN,RN
323019,SUPERINTENDÊNCIA DO DNPM-TO,TO
323020,SUPERINTENDÊNCIA DO DNPM-SE,SE
323022,SUPERINTENDÊNCIA DO DNPM-ES,ES
323023,SUPERINTENDÊNCIA DO DNPM-PI,PI
323024,SUPERINTENDÊNCIA DO DNPM-MA,MA
323027,SUPERINTENDÊNCIA DO DNPM-AL,AL
343001,SUPERINTENDENCIA DO IPHAN AMAZONAS,AM
343002,SUPERINTENDENCIA DO IPHAN NO PARA,PA
343003,SUPERINTENDENCIA DO IPHAN MARANHAO,MA
343004,SUPERINTENDENCIA DO IPHAN NO CEARA,CE
343005,SUPERINTENDENCIA DO IPHAN PERNAMBUCO,PE
343006,SUPERINTENDENCIA DO IPHAN RIO DE JANEIRO-RJ,RJ
343007,SUPERINTENDENCIA DO IPHAN NA BAHIA,BA
343008,SUPERINTENDENCIA DO IPHAN EM SERGIPE,SE
343009,SUPERINTENDENCIA DO IPHAN SAO PAULO,SP
343010,SUPERINTENDENCIA DO IPHAN NO PARANA,PR
343011,SUPERINTENDENCIA DO IPHAN S.CATARINA,SC
343012,SUPERINTENDENCIA DO IPHAN R.G.DO SUL,RS
343013,SUPERINTENDENCIA DO IPHAN M. GERAIS,MG
343014,SUPERINTENDENCIA DO IPHAN EM GOIAS,GO
343015,MUSEU IMPERIAL - PETROPOLIS,RJ
343016,MUSEU HISTORICO NACIONAL - RIO DE JANEIRO,RJ
343017,MUSEU NACIONAL DE BELAS ARTES -RIO DE JANEIRO,RJ
343018,MUSEU DA REPUBLICA - RIO DE JANEIRO,RJ
343019,MUSEU DA INCONFIDENCIA - OURO PRETO,MG
343020,MUSEU LASAR SEGALL - SAO PAULO,SP
343023,CENTRO CULTURAL PACO IMPERIAL-RJ,RJ
343024,CENTRO CULTURAL SITIO ROBERTO BURLE MARX-RJ,RJ
343029,SUPERINTENDENCIA DO IPHAN D. FEDERAL,DF
343032,SUPERINTENDENCIA DO IPHAN NA PARAIBA,PB
343033,SUPERINTENDENCIA DO IPHAN NO E.SANTO,ES
343034,SUPERINTENDENCIA DO IPHAN M.G.DO SUL,MS
343035,SUPERINTENDENCIA DO IPHAN EM ALAGOAS,AL
343036,SUPERINTENDENCIA DO IPHAN NO PIAUI,PI
343037,SUPERINTENDENCIA DO IPHAN  RONDONIA,RO
343039,SUPERINTENDENCIA DO IPHAN NO RIO G. NORTE/RN,RN
343040,SUPERINTENDENCIA DO IPHAN NO ACRE-AC,AC
343042,SUPERINTENDENCIA DO IPHAN NO MATO GROSSO - MT,MT
343043,SUPERINTENDENCIA DO IPHAN EM TOCANTINS - TO,TO
373015,SUPERINTENDENCIA ESTADUAL DO ACRE-INCRA/SR-14,AC
373025,SUPERINTEND.ESTADUAL DO AMAZONAS-INCRA/SR-15,AM
373029,SUPERINTEND.ESTADUAL DE RORAIMA-INCRA/SR-25,RR
373030,SUPERINTEND.ESTADUAL DO PARA-INCRA/SR-01,PA
373032,PROJETO FUNDIARIO ALTAMIRA-ALTAMIRA/PA,PA
373039,SUPERINTEND.ESTADUAL DO AMAPA-INCRA/SR-21,AP
373040,SUPERINTEND.ESTADUAL DO MARANHAO-INCRA/SR-12,MA
373041,PIC BARRA DO CORDA - MA,MA
373044,SUPERINTEND.ESTADUAL DO PIAUI-INCRA/SR-24,PI
373045,SUPERINTEND.ESTADUAL DO CEARA-INCRA/SR-02,CE
373047,SUPERINTEND.ESTADUAL DA PARAIBA-INCRA/SR-18,PA
373048,SUPERINT.REGIONAL DE PERNAMBUCO-INCRA/SR-03,PE
373051,SUPERINTEND.ESTADUAL DE ALAGOAS-INCRA/SR-22,AL
373052,SUPERINTEND.ESTADUAL DE SERGIPE-INCRA/SR-23,SE
373053,SUPERINTEND.ESTADUAL DA BAHIA-INCRA/SR-05,BA
373066,SUPERINTEND.ESTADUAL DE SAO PAULO-INCRA/SR-08,SP
373067,SUPERINTEND.ESTADUAL DO PARANA-INCRA/SR-09,PA
373080,SUPERINTEND.ESTADUAL DE GOIAS-INCRA/SR-04,GO
373082,INCRA-SUPERINT.REGIONAL DE RONDONIA-SR-17/RO,RO
373083,DIV.EXECUTIVA DE FINANCAS-DAF.2 INCRA-SEDE/DF,DF
373085,SUPERINTENDENCIA ESTADUAL DE TOCANTINS/SR-26,TO
380005,PROCURADORIA DA REPUBLICA/AP,AP
380006,PROCURADORIA DA REPUBLICA/RR,RR
380007,PROCURADORIA REGIONAL DO TRABALHO 17A REG./ES,ES
380030,SUPERINT REG DO TRAB E EMPREGO/AC,AC
380031,SUPERINT REG DO TRAB E EMPREGO/AL,AL
380033,SUPERINT REG DO TRAB E EMPREGO/BA,BA
380036,SUPERINT REG DO TRAB E EMPREGO/ES,ES
380038,SUPERINT REG DO TRAB E EMPREGO/MT,MT
380039,SUPERINT REG DO TRAB E EMPREGO/MA,MA
380040,SUPERINT REG DO TRAB E EMPREGO/MS,MS
380041,SUPERINT REG DO TRAB E EMPREGO/MG,MG
380042,SUPERINT REG DO TRAB E EMPREGO/PE,PE
380045,SUPERINT REG DO TRAB E EMPREGO/PB,PB
380047,SUPERINT REG DO TRAB E EMPREGO/RJ,RJ
380048,SUPERINT REG DO TRAB E EMPREGO/RN,RN
380050,SUPERINT REG DO TRAB E EMPREGO/RO,RO
380052,SUPERINT REG DO TRAB E EMPREGO/SP,SP
380053,SUPERINT REG DO TRAB E EMPREGO/SE,SE
380056,SUPERINT REG DO TRAB E EMPREGO/AP,AP
380057,SUPERINT REG DO TRAB E EMPREGO/RR,RR
380930,SUPERINT REG DO TRAB E EMPREGO/AC,AC
380931,SUPERINT REG DO TRAB E EMPREGO/AL,AL
380932,SUPERINT REG DO TRAB E EMPREGO/AM,AM
380933,SUPERINT REG DO TRAB E EMPREGO/BA,BA
380934,SUPERINT REG DO TRAB E EMPREGO/CE,CE
380935,SUPERINT REG DO TRAB E EMPREGO/DF,DF
380936,SUPERINT REG DO TRAB E EMPREGO/ES,ES
380937,SUPERINT REG DO TRAB E EMPREGO/GO,GO
380938,SUPERINT REG DO TRAB E EMPREGO/MT,MT
380939,SUPERINT REG DO TRAB E EMPREGO/MA,MA
380940,SUPERINT REG DO TRAB E EMPREGO/MS,MS
380941,SUPERINT REG DO TRAB E EMPREGO/MG,MG
380942,SUPERINT REG DO TRAB E EMPREGO/PE,PE
380944,SUPERINT REG DO TRAB E EMPREGO/PR,PR
380945,SUPERINT REG DO TRAB E EMPREGO/PB,PB
380947,SUPERINT REG DO TRAB E EMPREGO/RJ,RJ
380949,SUPERINT REG DO TRAB E EMPREGO/RS,RS
380950,SUPERINT REG DO TRAB E EMPREGO/RO,RO
380951,SUPERINT REG DO TRAB E EMPREGO/SC,SC
380952,SUPERINT REG DO TRAB E EMPREGO/SP,SP
380953,SUPERINT REG DO TRAB E EMPREGO/SE,SE
380957,SUPERINT REG DO TRAB E EMPREGO/RR,RR
393009,SUPERINTEND. REG. NOS ESTADOS AM/RR - DNIT,NO
393010,SUPERINTENDENCIA REG. NO ESTADO MS - DNIT,MS
393011,SUPERINTEND.REG. NOS ESTADOS GO/DF - DNIT,CO
393012,SUPERINTENDENCIA REG. NO ESTADO RS - DNIT,RS
393013,SUPERINTENDENCIA REG. NO ESTADO SC - DNIT,SC
393014,SUPERINTEND. REG. NOS ESTADOS RO/AC - DNIT,NO
393015,SUPERINTENDENCIA REG. NO ESTADO SE - DNIT,SE
393016,SUPERINTEND. REG NOS ESTADOS PA/AP - DNIT,NO
393017,SUPERINTENDENCIA REG. NO ESTADO PB - DNIT,PB
393018,SUPERINTENDENCIA REG. NO ESTADO ES - DNIT,ES
393019,SUPERINTENDENCIA REG. NO ESTADO RJ - DNIT,RJ
393020,SUPERINTENDENCIA REG. NO ESTADO MT - DNIT,MT
393021,SUPERINTENDENCIA REG. NO ESTADO RN - DNIT,RN
393022,SUPERINTENDENCIA REG. NO ESTADO PI - DNIT,PI
393023,SUPERINTENDENCIA REG. NO ESTADO TO - DNIT,TO
393024,SUPERINTENDENCIA REG. NO ESTADO CE - DNIT,CE
393025,SUPERINTENDENCIA REG. NO ESTADO SP - DNIT,SP
393026,SUPERINTENDENCIA REG. NO ESTADO AL - DNIT,AL
393027,SUPERINTENDENCIA REG. NO ESTADO BA - DNIT,BA
393028,SUPERINTENDENCIA REG. NO ESTADO PR - DNIT,PR
393029,SUPERINTENDENCIA REG. NO ESTADO PE - DNIT,PE
393030,SUPERINTENDENCIA REG. NO ESTADO MA - DNIT,MA
393031,SUPERINTENDENCIA REG. NO ESTADO MG - DNIT,MG
393038,UNIDADE REGIONAL DO RIO DE JANEIRO,RJ
393047,UNIDADE REGIONAL DE SAO PAULO-ANTT,SP
393048,UNIDADE REGIONAL DE MINAS GERAIS - ANTT,MG
393092,UNIDADE REGIONAL DO RIO GRANDE DO SUL - ANTT,RS
413002,AGENCIA NACIONAL DE TELECOMUNICACOES-SP,SP
413003,AGENCIA NACIONAL DE TELECOMUNICACOES-RJ,RJ
413004,AGENCIA NACIONAL DE TELECOMUNICACOES-PR,PR
413005,AGENCIA NACIONAL DE TELECOMUNICACOES-MG,MG
413006,AGENCIA NACIONAL DE TELECOMUNICACOES-RS,RS
413007,AGENCIA NACIONAL DE TELECOMUNICACOES-PE,PE
413008,AGENCIA NACIONAL DE TELECOMUNICACOES-GO,GO
413009,AGENCIA NACIONAL DE TELECOMUNICACOES-BA,BA
413010,AGENCIA NACIONAL DE TELECOMUNICACOES-CE,CE
413011,AGENCIA NACIONAL DE TELECOMUNICACOES-PA,PA
440001,SUBSECRET.DE PLANEJ.,DF
443020,INST. DE PESQUISAS JARDIM BOTANICO DO RJ/JBRJ,RJ
443054,INST.CHICO MENDES DE CONS. DA BIO. - MANAUS,NO
443055,INST.CHICO MENDES DE CONS. BIO RIO DE JANEIRO,RJ
510005,GERÊNCIA EXECUTIVA DISTRITO FEDERAL,DF
510480,GERÊNCIA EXECUTIVA RIO BRANCO,NO
510580,GERÊNCIA EXECUTIVA MANAUS,NO
510599,GERÊNCIA EXECUTIVA BOA VISTA,NO
510630,GERÊNCIA EXECUTIVA PALMAS,NO
510670,GERÊNCIA EXECUTIVA CURITIBA,SL
510815,GERÊNCIA EXECUTIVA FORTALEZA,NE
511180,GERÊNCIA EXECUTIVA RECIFE,NE
511443,GERÊNCIA EXECUTIVA SÃO JOÃO DA BOA VISTA,NO
511640,GERÊNCIA EXECUTIVA SALVADOR,NE
512035,GERÊNCIA EXECUTIVA PORTO VELHO,NO
512060,GERÊNCIA EXECUTIVA RIO DE JANEIRO-CENTRO,RJ
512074,GERÊNCIA EXECUTIVA RIO DE JANEIRO-NORTE,RJ
530001,MI/SE/DGI/ADMINISTRACAO GERAL,SE
530021,PROAGUA NACIONAL/SE/MI,SE
580012,SUPERINT.FED.DE PESCA E AQUICULTURA/AL,AL
580013,SUPERINT.FED.DE PESCA E AQUICULTURA/AM,AM
580015,SUPERINT.FED.DE PESCA E AQUICULTURA/BA,BA
580018,SUPERINT.FED.DE PESCA E AQUICULTURA/ES,ES
580019,SUPERINT.FED.DE PESCA E AQUICULTURA/GO,GO
580020,SUPERINT.FED.DE PESCA E AQUICULTURA/MA,MA
580021,SUPERINT.FED.DE PESCA E AQUICULTURA/MG,MG
580022,SUPERINT.FED.DE PESCA E AQUICULTURA/MS,MS
580024,SUPERINT.FED.DE PESCA E AQUICULTURA/PA,PA
580025,SUPERINT.FED.DE PESCA E AQUICULTURA/PB,PB
580026,SUPERINT.FED.DE PESCA E AQUICULTURA/PE,PE
580027,SUPERINT.FED.DE PESCA E AQUICULTURA/PI,PI
580028,SUPERINT.FED.DE PESCA E AQUICULTURA/PR,PR
580029,SUPERINT.FED.DE PESCA E AQUICULTURA/RJ,RJ
580030,SUPERINT.FED.DE PESCA E AQUICULTURA/RN,RN
580032,SUPERINT.FED.DE PESCA E AQUICULTURA/RR,RR
580033,SUPERINT.FED.DE PESCA E AQUICULTURA/RS,RS
580034,SUPERINT.FED.DE PESCA E AQUICULTURA/SC,SC
580036,SUPERINT.FED.DE PESCA E AQUICULTURA/SP,SP
580037,SUPERINT.FED.DA PESCA E AQUICULTURA/TO,TO
641000,ARSENAL DE MARINHA_DO RIO DE JANEIRO,RJ
671100,BASE DE ABASTEC. DA MARINHA NO RIO DE JANEIRO,RJ
673002,DIRETORIA DE FINANCAS-SISTEMA PARA O EXTERIOR,PA
681200,GRUPAMENTO DE FUZILEIROS NAVAIS_DO RJ,RJ
681310,CAPITANIA DOS PORTOS DO ESPIRITO SANTO,ES
681330,CAPITANIA DOS PORTOS DO RIO DE JANEIRO.,RJ
681402,ESTACAO RADIO DA MARINHA_NO RIO DE JANEIRO,RJ
681600,ESCOLA DE APRENDIZES-MARINHEIROS DO ES,ES
682311,DELEG.CAPITANIA PORTOS EM ILHEUS,BA
682801,BASE NAVAL DE ARATU,BA
682802,CENTRO DE INTENDENCIA DA MARINHA EM SALVADOR,BA
683601,ESCOLA DE APRENDIZES-MARINHEIROS DO CEARA,CE
683602,ESCOLA DE APREND.-MARINHEIROS DE PERNAMBUCO,PE
683800,BASE NAVAL DE NATAL,RN
683810,CENTRO DE INTENDENCIA DA MARINHA EM NATAL,RN
684312,CAPITANIA DOS PORTOS DO AMAPÁ,AP
684330,CAPITANIA DOS PORTOS DO  PIAUI,PI
684700,HOSPITAL NAVAL DE BELEM,PA
684810,CENTRO DE INTENDENCIA DA MARINHA EM BELEM,PA
685310,CAPITANIA FLUVIAL DO RIO PARANA,PA
685320,CAPITANIA DOS PORTOS DO PARANA,PA
685331,DEL CAP PORTOS RGS EM PORTO ALEGRE,SL
685340,CAPITANIA DOS PORTOS DE SANTA CATARINA,SC
685600,ESCOLA DE APRENDIZES-MARINHEIROS DE SC,SC
687200,GRUPAMENTO DE FUZILEIROS NAVAIS_DE BRASILIA,DF
687310,CAPITANIA FLUVIAL DO ARAGUAIA - TOCANTINS,TO
687400,ESTACAO RADIO DA MARINHA EM BRASILIA,CO
687900,CENTRO DE INST.E ADESTRAMENTO DE BRASILIA,CO
688820,CENTRO DE INTENDENCIA DA MARINHA EM MANAUS,NO
689200,CENTRO DE COORD.DE ESTUDOS DA MARINHA EM SP,SP
689310,CAPITANIA DOS PORTOS DE SAO PAULO,SP
691181,CENTRO DE INTEND. DA MARINHA EM S.PEDRO DA AL,AL
691800,BASE NAVAL DO RIO DE JANEIRO,RJ
741000,ARSENAL DE MARINHA_DO RIO DE JANEIRO,RJ
742000,CENTRO TECNOLOGICO DA MARINHA EM SAO PAULO,SP
771100,BASE DE ABASTEC. DA MARINHA NO RIO DE JANEIRO,RJ
773002,DIRETORIA DE FINANCAS-SISTEMA PARA O EXTERIOR,PA
781200,GRUPAMENTO DE FUZILEIROS NAVAIS_DO RJ,RJ
781310,CAPITANIA DOS PORTOS DO ESPIRITO SANTO,ES
781330,CAPITANIA DOS PORTOS DO RIO DE JANEIRO.,RJ
781600,ESCOLA DE APRENDIZES-MARINHEIROS DO ES,ES
782320,CAPITANIA DOS PORTOS DE SERGIPE,SE
782700,HOSPITAL NAVAL_DE SALVADOR,NE
782802,CENTRO DE INTENDENCIA DA MARINHA EM SALVADOR,NE
783310,CAPITANIA DOS PORTOS DE ALAGOAS,AL
783330,CAPITANIA DOS PORTOS DA PARAIBA,PA
783601,ESCOLA DE APRENDIZES-MARINHEIROS DO CEARA,CE
783602,ESCOLA DE APREND.-MARINHEIROS DE PERNAMBUCO,PE
783702,HOSPITAL NAVAL DE RECIFE,NE
784330,CAPITANIA DOS PORTOS DO  PIAUI,PI
785310,CAPITANIA FLUVIAL DO RIO PARANA,PA
785320,CAPITANIA DOS PORTOS DO PARANA,PA
785331,DEL CAP PORTOS RGS EM PORTO ALEGRE,SL
785340,CAPITANIA DOS PORTOS DE SANTA CATARINA,SC
785600,ESCOLA DE APRENDIZES-MARINHEIROS DE SC,SC
787200,GRUPAMENTO DE FUZILEIROS NAVAIS_DE BRASILIA,CO
787310,CAPITANIA FLUVIAL DO ARAGUAIA - TOCANTINS,TO
787400,ESTACAO RADIO DA MARINHA EM BRASILIA,CO
787700,HOSPITAL NAVAL DE BRASILIA,CO
787900,CENTRO DE INST.E ADESTRAMENTO DE BRASILIA,CO
788820,CENTRO DE INTENDENCIA DA MARINHA EM MANAUS,NO
789310,CAPITANIA DOS PORTOS DE SAO PAULO,SP
789320,CAPITANIA FLUVIAL DO TIETE-PARANA,PA
791181,CENTRO DE INTEND. DA MARINHA EM S.PEDRO DA AL,AL
791800,BASE NAVAL DO RIO DE JANEIRO,RJ
881310,CAPITANIA DOS PORTOS DO ESPIRITO SANTO,ES
881330,CAPITANIA DOS PORTOS DO RIO DE JANEIRO.,RJ
882320,CAPITANIA DOS PORTOS DE SERGIPE,SE
882802,CENTRO DE INTENDENCIA DA MARINHA EM SALVADOR,NE
883310,CAPITANIA DOS PORTOS DE ALAGOAS,AL
883330,CAPITANIA DOS PORTOS DA PARAIBA,PA
883601,ESCOLA DE APRENDIZES-MARINHEIROS DO CEARA,CE
883602,ESCOLA DE APREND.-MARINHEIROS DE PERNAMBUCO,PE
884320,CAPITANIA DOS PORTOS DO MARANHAO,MA
884330,CAPITANIA DOS PORTOS DO  PIAUI,PI
885310,CAPITANIA FLUVIAL DO RIO PARANA,PA
885320,CAPITANIA DOS PORTOS DO PARANA,PA
885331,DEL CAP PORTOS RGS EM PORTO ALEGRE,SL
885340,CAPITANIA DOS PORTOS DE SANTA CATARINA,SC
887310,CAPITANIA FLUVIAL DO ARAGUAIA - TOCANTINS,TO
889320,CAPITANIA FLUVIAL DO TIETE-PARANA,PA
