UG_COD,UG_DESC,UF,REGIÃO
114702,FUNDACAO ESCOLA NACIONAL DE ADM. PUBLICA,,
115406,EMPRESA BRASIL DE COMUNICACAO S.A,,
120001,GABINETE DO COMANDANTE DA AERONAUTICA,,
120003,VI COMANDO AEREO REGIONAL,,
120008,PRIMEIRO CENTRO INT.DEF.AEREA CONTR.TFG.AEREO,,
120013,CENTRO DE LANCAMENTO DE ALCANTARA,,
120015,CENTRO DE LANCAMENTO DA BARREIRA DO INFERNO,,
120016,GRUPAMENTO DE INFRA-EST E APOIO DE S J CAMPOS,,
120017,II COMANDO AEREO REGIONAL,,
120021,TERCEIRO CENTRO INT.DEF.AEREA CONTR.TFG.AEREO,,
120024,CENTRO DE INSTR. E ADAPTACAO DA AERONAUTICA,,
120026,PARQUE MATERIAL AERONAUTICO DE LAGOA SANTA,,
120027,BASE AEREA DE CAMPO GRANDE,,
120028,III COMANDO AEREO REGIONAL,,
120029,BASE AEREA DOS AFONSOS,,
120030,BASE AEREA DO GALEAO,,
120031,BASE AEREA DE SANTA CRUZ,,
120034,DEPOSITO CENTRAL INTENDENCIA,,
120036,DEPARTAMENTO DE CONTROLE DO ESPACO AEREO,,
120040,HOSPITAL CENTRAL AERONAUTICA,,
120041,HOSPITAL DE AERONAUTICA DOS AFONSOS,,
120042,HOSPITAL DE FORCA AEREA DO GALEAO,,
120045,PREFEITURA DE AERONAUTICA DO GALEAO,,
120048,PARQUE DE MAT. DE ELETRONICA DA AERONAUTICA,,
120054,UNIVERSIDADE DA FORCA AEREA,,
120057,CASA GERONTOLOGICA DA AER. BRIG.EDUARDO GOMES,,
120059,IV COMANDO AEREO REGIONAL,,
120060,ACADEMIA DA FORCA AEREA,,
120064,ESCOLA DE ESPECIALISTAS DE AERONAUTICA,,
120065,FAZENDA DE AERONAUTICA DE PIRASSUNUNGA,,
120066,NÚCLEO DO HOSPITAL DE AERONÁUTICA DE SÃO PAUL,,
120067,INSTITUTO DE CONTROLE DO ESPACO AEREO,,
120071,CENTRO LOGISTICO DA AERONAUTICA,,
120072,SEGUNDO CENTRO INT.DEF.AEREA CONTR.TFG.AEREO,,
120074,V COMANDO AEREO REGIONAL,,
120075,BASE AEREA DE CANOAS,,
120076,BASE AEREA DE SANTA MARIA,,
120083,VII COMANDO AEREO REGIONAL,,
120086,I COMANDO AEREO REGIONAL,,
120094,QUARTO CENTRO INT. DEF. AEREA CONTR.TFG.AEREO,,
120100,SUBDIRETORIA DE ABASTECIMENTO,,
120101,BASE AEREA DE NATAL,,
120127,COMISSAO DE IMPLANT.DO SIST.DE CONTR.DO E AER,,
120195,GRUPAMENTO DE APOIO LOGÍSTICO,,
120196,GRUPAMENTO DE APOIO DA SAÚDE,,
123001,CAIXA DE FINANCIAMENTO IMOBIL. DA AERONAUTICA,,
130005,COORD.-GERAL DE EXECUCAO FINANCEIRA/SPOA/MAPA,,
130011,INSTITUTO NACIONAL DE METEOROLOGIA,,
133007,UNIDADE AVANCADA CONJUNTO PEIXOTO DE AZEVEDO,,
133081,UNIDADE AVANCADA DE TUCURUI,,
133082,UNIDADE AVANCADA DE SAO GERALDO DO ARAGUAIA,,
133083,UNIDADE AVANCADA DE CONCEICAO DO ARAGUAIA,,
135000,UA/RUSSAS,,
135003,MINISTERIO DO DESENVOLVIMENTO AGRARIO - CEF,,
135004,EMBRAPA/AGROENERGIA,,
135006,EMBRAPA/CPATU,,
135007,EMBRAPA/CNPASA,,
135009,EMBRAPA/CPAMN,,
135010,EMBRAPA/CNPC,,
135011,EMBRAPA/CNPA,,
135012,EMBRAPA/CPATSA,,
135013,EMBRAPA/CPATC,,
135014,EMBRAPA/CNPMF,,
135015,EMBRAPA/CNPGL,,
135016,EMBRAPA/CNPMS,,
135017,EMBRAPA/CNPGC,,
135018,EMBRAPA/CPAP,,
135019,EMBRAPA/CPAO,,
135020,EMBRAPA/CTAA,,
135021,EMBRAPA/CNPS,,
135022,EMBRAPA/CPAMT,,
135023,EMBRAPA/CNPAB,,
135024,EMBRAPA/CPPSE,,
135025,EMBRAPA/CNPMA,,
135026,EMBRAPA/CNPDIA,,
135027,EMBRAPA/CNPTIA,,
135028,EMBRAPA/CNPF,,
135029,EMBRAPA/CNPSO,,
135030,EMBRAPA/CNPSA,,
135031,EMBRAPA/CPACT,,
135032,EMBRAPA/CNPT,,
135033,EMBRAPA/CNPUV,,
135035,EMBRAPA/CPPSUL,,
135036,EMBRAPA/CNPAF,,
135038,EMBRAPA/CENARGEN,,
135039,EMBRAPA/CPAC,,
135040,EMBRAPA/CNPH,,
135041,EMBRAPA/SPM,,
135046,EMBRAPA/DAF-CAF,,
135048,EMBRAPA/CNPAT,,
135049,EMBRAPA/CPAA,,
135050,EMBRAPA/CNPM,,
135066,EMBRAPA/SPM- ESCRITORIO DE CANOINHAS,,
135067,EMBRAPA/SPM- ESCRITORIO PONTA GROSSA,,
135070,EMBRAPA/SPM- ESCRITORIO DE DOURADOS,,
135073,EMBRAPA/SPM - ESCRITORIO DE SETE LAGOAS,,
135077,EMBRAPA/SPM - ESCRITORIO DE PETROLINA,,
135081,EMBRAPA/SCT,,
135082,EMBRAPA/CPACP,,
135084,EMBRAPA/QUARENTENA VEGETAL,,
135091,EMBRAPA/GESTAO TERRITORIAL,,
135096,EMBRAPA/SPM-ESCRITORIO DO TRIANGULO MINEIRO,,
135097,EMBRAPA CAFE,,
135100,COMPANHIA NACIONAL DE ABASTECIMENTO,,
135103,UA/ITABERABA,,
135114,UNID.CENT.IRECE,,
135118,UA/MARACANAU,,
135119,UA/NATAL,,
135130,UA/JUAZEIRO DO NORTE,,
135131,UA/SOBRAL,,
135136,COMPANHIA NAC. DE ABASTECIMENTO - UA/CACOAL,,
135138,UA/MOSSORO,,
135147,UA/PONTALINA,,
135148,UA/RIO VERDE,,
135149,UA/S.L.MONTES BELO,,
135161,UNIDADE CENTRAL DE ITAPURANGA,,
135173,UNIDADE ARMAZENADORA DE ITAQUI,,
135174,UA/IMPERATRIZ,,
135178,UA/TERESINA,,
135179,UA/PICOS,,
135185,UA/UBERABA,,
135186,UA/UBERLANDIA,,
135217,UA/FLORIANO,,
135220,UA/VILHENA,,
135245,UA/ANANINDEUA,,
135270,UA/PONTA GROSSA I,,
135271,UA/APUCARANA,,
135288,UA/JOAO PESSOA,,
135289,UA/CAMPINA GRANDE,,
135294,UA/MACEIO,,
135298,UA/ARCOVERDE,,
135308,UA/LIRA TAVARES,,
135318,UF/AUG.A.LEITAO,,
135329,UA/SENADOR POMPEU,,
135340,UA/ARAGUAINA,,
135393,UA/SANTAREM,,
135396,UA/ROLANDIA,,
135416,UA ITABAIANA,,
135417,UA RIO FORMOSO,,
135460,UNIDADE ARMAZENADORA DE SAO LUIS,,
135462,UA/PARNAIBA,,
135465,UNIDADE ARMAZENADORA COLATINA,,
135481,UNIDADE ARMAZENADORA CAMBURI,,
135494,UA/MONTES CLAROS,,
135532,UA/MARABA,,
135534,UNIDADE ARMAZENADORA ASSU,,
135552,UA/CRATEUS,,
135564,UNIDADE ARMAZENADORA DE ENTRE RIOS,,
135565,UNIDADE ARMAZENADORA RIBEIRA DO POMBAL,,
135567,UNIDADE ARMAZENADORA CURRAIS NOVOS,,
135568,UNIDADE ARMAZENADORA NATAL-CAIAPOS,,
135585,UNIDADE ARMAZENADORA DE STA MARIA DA VITORIA,,
135607,UNIDADE ARMAZENADORA DE PATOS,,
135608,UNIDADE ARMAZENADORA DE MONTEIRO,,
135610,UNIDADE ARMAZENADORA PALMEIRA DOS INDIOS,,
135611,UNIDADE ARMAZENADORA DE CAICO,,
135612,UNIDADE ARMAZENADORA ICO,,
138011,UA SAO JOSE,,
150002,SUBSECRETARIA DE ASSUNTOS ADMINISTRATIVOS/MEC,,
150011,SECRETARIA DE EDUCACAO SUPERIOR,,
150119,CENTRO ACADEMICO DO AGRESTE DA UFPE,,
150123,COORD. DE PROJ. C/A FUND. DE APOIO,,
150134,CENTRO ACADEMICO VITORIA DE SANTO ANTAO-UFPE,,
150148,UTFPR - CAMPUS LONDRINA,,
150149,UTFPR - CAMPUS APUCARANA,,
150150,UTFPR - CAMPUS TOLEDO,,
150151,UTFPR- CAMPUS FRANCISCO BELTRAO,,
150154,CENTRO DE EDUCACAO E SAUDE DA UFCG,,
150182,PRO-REITORIA DE ADMINISTRACAO/UFF,,
150218,UNIVERSIDADE FEDERAL DO RIO GRANDE - FURG,,
150220,HOSPITAL UNIVERSITÁRIO BETTINA FERRO DE SOUZA,,
150221,HOSPITAL DE CLÍNICAS DA UFTM,,
150223,MATERNIDADE CLIMERIO DE OLIVEIRA,,
150224,HOSPITAL UNIVERSITARIO GETULIO VARGAS,,
150229,HOSPITAL UNIVERSITARIO PROF ALBERTO ANTUNES,,
150230,PRO-REITORIA DE ASSUNTOS ESTUDANTIS - PROAES,,
150231,HOSPITAL UNIVERSITARIO,,
150232,HOSPITAL UNIVERSITARIO - UFSC,,
150233,HOSPITAL DE CLINICAS DA UFU,,
150244,HOSPITAL UNIVERSITARIO WALTER CANTIDIO,,
150246,MATERNIDADE ESCOLA ASSIS CHATEAUBRIAND,,
150248,HOSPITAL UNIVERSITARIO (HU/UFGD),,
151878,INST. FED.SUL-RIO-GRANDENSE/CAMPUS CAMAQUA,,
151879,INST.FED.SUL-RIO-GRANDENSE/CAMPUS BAGE,,
151889,IF BAIANO CAMPUS BOM JESUS DA LAPA,,
151895,IFSUL/CAMPUS VISCONDE DA GRAÇA/PELOTAS,,
151916,DEPTO DE ANTROPOLOGIA E MUSEOLOGIA,,
151917,DEPARTAMENTO DE ARQUEOLOGIA,,
151963,DEPTO DE HOTELARIA E TURISMO-DHT,,
151964,IFSUL/CAMPUS VENANCIO AIRES,,
152134,UTFPR - CAMPUS GUARAPUAVA,,
152253,IF CATARINENSE - CAMPUS IBIRAMA,,
152254,IF CATARINENSE - CAMPUS BLUMENAU,,
152290,IF CATARINENSE - CAMPUS S. FRANCISCO DO SUL,,
152370,CENTRO DE APOIO A EDUCACAO A DISTANCIA/UFMG,,
152477,UNIFESP-HOSP. UNIVERSITARIO,,
152663,IF CATARINENSE - CAMPUS LUZERNA,,
152771,SUPERINTENDENCIA DE SEGURANCA INSTITUCIONAL,,
153001,SUBCOORD.DA UNID.AVANC.J.VERISSIMO,,
153010,CENTRO FED.DE EDUC.TECNOL.CELSO S.DA FONSECA,,
153028,UNIVERSIDADE FEDERAL DE ALFENAS,,
153029,UTFPR - CAMPUS MEDIANEIRA,,
153030,UNIVERSIDADE FEDERAL DE ITAJUBA,,
153032,UNIVERSIDADE FEDERAL DE LAVRAS,,
153034,UNIVERSIDADE FEDERAL RURAL DA AMAZONIA,,
153035,UNIVERSIDADE FEDERAL DO TRIANGULO MINEIRO,,
153036,UNIVERSIDADE FED.VALES JEQUITINHONHA E MUCURI,,
153040,HOSPITAL PROF. EDGARD SANTOS DA UFBA,,
153047,HOSPITAL UNIVERSITARIO C. ANTONIO MORAIS/UFES,,
153050,CENTRO DE CIENCIAS AGRARIAS DA UFES,,
153054,HOSPITAL DAS CLINICAS DA UFGO,,
153056,UNIVERSIDADE FEDERAL FLUMINENSE,,
153057,HOSPITAL UNIVERSITARIO ANTONIO PEDRO,,
153058,PRO-REITORIA DE ASSUNTOS ESTUDANTIS,,
153061,UNIVERSIDADE FEDERAL DE JUIZ DE FORA,,
153066,PREFEITURA UNIVERSITARIA DA UFPB,,
153067,PRO-REITORIA DE POS-GRADUACAO E PESQ.DA UFPB,,
153068,CENTRO DE CIENC.EXATAS E DA NATUREZA DA UFPB,,
153070,BIBLIOTECA CENTRAL DA UFPB,,
153071,HOSPITAL UNIVERSITARIO LAURO WANDERLEY-UFPB,,
153073,CENTRO DE CIENCIAS AGRARIAS DA UFPB,,
153074,CENTRO DE CIENC.HUMA. SOC. E AGRARIAS DA UFPB,,
153081,DIRET.DO CENTRO DE ARTES E COMUNICACAO- UFPE,,
153082,DIRET.DO CENTRO DE CIENC.EXATAS E NAT.DA UFPE,,
153083,DIRET.DO CENTRO DE CIENCIAS BIOLOGICAS- UFPE,,
153084,DIRET.CENTRO DE FILOSOFIA E C.HUMANAS - UFPE,,
153085,DIRET.DO CENTRO DE EDUCACAO DA UFPE,,
153086,DIRET.CENTRO DE CIENCIAS SOC.APLICADAS- UFPE,,
153087,DIRET.DO CENTRO DE CIENCIAS DA SAUDE DA UFPE,,
153088,DIRET.DO CENTRO DE TECNOLOGIA DA UFPE,,
153089,DIRET.DO CENTRO DE CIENCIAS JURIDICAS - UFPE,,
153090,PRO-REITORIA DE EXTENSAO,,
153091,ESCRITORIO PROJETOS INSTITUCIONAIS - EPI,,
153092,BIBLIOTECA CENTRAL DA UFPE,,
153093,EDITORA UNIVERSITARIA DA UFPE,,
153094,HOSPITAL DAS CLINICAS - UFPE,,
153095,PREFEITURA DA CIDADE UNIVERSITARIA DA UFPE,,
153096,PRO-REITORIA P/ASSUNTOS ACADEMICOS DA UFPE,,
153098,PRO-REITORIA DE PESQ. E POS-GRADUACAO DA UFPE,,
153100,NUCLEO DE EDUCACAO FISICA E DESPORTOS DA UFPE,,
153101,NUCLEO DE TECNOLOG. DA INFORMACAO DA UFPE-NTI,,
153102,NUCLEO DE TELEVISAO E RADIO DA UFPE,,
153104,HOSPITAL UNIVERSITARIO ANA BEZERRA,,
153105,GABINETE DO REITOR DA UFPE-GR,,
153107,CENTRO DE CIENCIAS DA SAUDE DA UFRN,,
153108,HOSPITAL UNIVERSITARIO ONOFRE LOPES DA UFRN,,
153109,CENTRO DE BIOCIENCIAS DA UFRN,,
153110,MATERNIDADE ESCOLA JANUARIO CICCO DA UFRN,,
153113,CENTRO DE CIENCIAS SOCIAIS APLICADAS DA UFRN,,
153117,SUPERINT.GERAL DE ENS.P/GRAD.E PESQ. DA UFRJ,RJ,
153119,PREFEITURA DA UNIVERSIDADE DA UFRJ,RJ,
153120,CENTRO CIENC MATEMAT E DA NATUREZA DA UFRJ,RJ,
153121,INSTITUTO DE MATEMATICA DA UFRJ,RJ,
153122,INSTITUTO DE QUIMICA DA UFRJ,RJ,
153123,INSTITUTO DE FISICA DA UFRJ,RJ,
153124,INSTITUTO DE GEOCIENCIAS DA UFRJ,RJ,
153125,NUCLEO DE COMPUTACAO ELETRONICA DA UFRJ,RJ,
153126,OBSERVATORIO DO VALONGO DA UFRJ,RJ,
153127,DECANATO DO CENTRO DE LETRAS E ARTES DA UFRJ,RJ,
153128,DECANATO DO CENT DE FILOSOF. E C HUM. DA UFRJ,RJ,
153129,INSTITUTO DE FILOSOF/CIENCIAS SOCIAIS DA UFRJ,RJ,
153130,INSTITUTO DE PSICOLOGIA DA UFRJ,RJ,
153131,FACULDADE DE EDUCACAO DA UFRJ,RJ,
153132,DECANATO DO CENTRO DE C JUR E ECONOM. DA UFRJ,RJ,
153133,FACULDADE DE ADMINIST E CIENCIAS CONTABEIS,,
153137,DECANATO DO CENTRO DE CIENC.DA SAUDE DA UFRJ,RJ,
153138,FACULDADE DE MEDICINA DA UFRJ,RJ,
153139,FACULDADE DE ODONTOLOGIA DA UFRJ,RJ,
153140,FACULDADE DE FARMACIA DA UFRJ,RJ,
153141,ESCOLA DE ENFERMAGEM ANA NERI DA UFRJ,RJ,
153142,INSTITUTO DE CIENCIAS BIOMEDICAS DA UFRJ,RJ,
153143,INSTITUTO DE MICROBIOLOGIA DA UFRJ,RJ,
153144,INSTITUTO DE NUTRICAO JOSUE DE CASTRO,,
153145,INSTITUTO DE BIOFISICA DA UFRJ,RJ,
153146,NUCLEO DE PESQUISA DE PROD. NATURAIS DA UFRJ,RJ,
153147,INSTITUTO DE GINECOLOGIA DA UFRJ,RJ,
153148,INSTITUTO DE NEUROL. DEOLINDO COUTO DA UFRJ,RJ,
153149,INSTITUTO DE PSIQUIATRIA DA UFRJ,RJ,
153150,INSTITUTO PUERIC. PED MAT. GESTEIRA DA UFRJ,RJ,
153151,INSTITUTO DE DOENCAS DO TORAX DA UFRJ,RJ,
153152,HOSPITAL UNIVERSITARIO DA UFRJ,RJ,
153153,ESCOLA DE EDUCACAO FISICA E DESPORTES DA UFRJ,RJ,
153154,INSTITUTO DE BIOLOGIA DA UFRJ,RJ,
153155,MATERNIDADE ESCOLA DA UFRJ,RJ,
153156,NUCLEO DE TECNOL. EDUCACIONAL P/SAUDE DA UFRJ,RJ,
153157,DECANATO DO CENTRO DE TECNOLOGIA DA UFRJ,RJ,
153158,ESCOLA POLITECNICA DA UFRJ,RJ,
153159,ESCOLA DE QUIMICA DA UFRJ,RJ,
153160,COORD DOS PROG DE POS-GRAD EM ENGEN DA UFRJ,RJ,
153161,FORUM DE CIENCIA E CULTURA DA UFRJ,RJ,
153162,MUSEU NACIONAL DA UFRJ,RJ,
153164,UNIVERSIDADE FEDERAL DE SANTA MARIA,,
153167,COLEGIO PEDRO II,,
153173,FUNDO NACIONAL DE DESENVOLVIMENTO DA EDUCACAO,,
153176,UTFPR - CAMPUS CORNELIO PROCOPIO,,
153177,UTFPR - CAMPUS PATO BRANCO,,
153178,UTFPR - CAMPUS PONTA GROSSA,,
153248,PRO-REIT.DE PESQ.E POS-GRAD. E INOVAÇAO,,
153251,UTFPR - CAMPUS CAMPO MOURAO,,
153252,HOSP.PEDIATRIA PROF. HERIBERTO F. BEZERRA,,
153253,CENTRO DE CIENCIAS HUM.E LETRAS ARTES DA UFRN,,
153254,ADMINISTRACAO GERAL/UFMG,,
153255,BIBLIOTECA UNIVERSITARIA/UFMG,,
153256,EDITORA DA UFMG,,
153257,CENTRO DE COMUNICACAO DA UFMG,,
153258,CENTRO COMPUTACAO/UFMG,,
153261,HOSPITAL CLINICAS/UFMG,,
153262,IMPRENSA UNIVERSITARIA/UFMG,,
153263,LABORATORIO DE COMPUTACAO CIENTIFICA/UFMG,,
153264,MUSEU HISTORICO NATURAL/UFMG,,
153265,DEPARTAMENTO DE OBRAS/UFMG,,
153267,DEPARTAMENTO MANUT. OPER.INFRA-ESTRUTURA/UFMG,,
153271,PRO-REITORIA DE GRADUACAO/UFMG,,
153272,PRO-REITORIA DE EXTENSAO/UFMG,,
153273,PRO-REITORIA DE PESQUISA/UFMG,,
153274,PRO-REITORIA DE POS-GRADUACAO/UFMG,,
153275,ESCOLA DE ARQUITETURA/UFMG,,
153276,ESCOLA DE BELAS ARTES/UFMG,,
153277,ESCOLA DE CIENCIA DA INFORMACAO/UFMG,,
153278,ESCOLA EDUCACAO FISICA FISIOT.TERAP.OCUP/UFMG,,
153279,ESCOLA DE ENFERMAGEM/UFMG,,
153280,ESCOLA DE ENGENHARIA/UFMG,,
153281,ESCOLA DE MUSICA/UFMG,,
153282,ESCOLA DE VETERINARIA/UFMG,,
153283,FACULDADE DE CIENCIAS ECONOMICAS/UFMG,,
153284,FACULDADE DE DIREITO/UFMG,,
153285,FACULDADE DE EDUCACAO/UFMG,,
153286,FACULDADE DE FARMACIA/UFMG,,
153287,FACULDADE DE FILOSOFIA E CIENC. HUMANAS/UFMG,,
153288,FACULDADE DE LETRAS/UFMG,,
153289,FACULDADE DE MEDICINA/UFMG,,
153290,FACULDADE DE ODONTOLOGIA/UFMG,,
153291,INSTITUTO DE CIENCIAS BIOLOGICAS/UFMG,,
153292,INSTITUTO DE CIENCIAS EXATAS/UFMG,,
153293,INSTITUTO DE GEO-CIENCIAS/UFMG,,
153294,CENTRO PEDAGOGICO/UFMG,,
153295,COLEGIO TECNICO/UFMG,,
153296,INSTITUTO DE CIENCIAS AGRARIAS/UFMG,,
153343,ESCOLA DE BELAS ARTES,,
153350,DEPTO. DE MUSICA DA UFPE,,
153351,DEPTO.DE FISICA DA UFPE,,
153352,DEPTO.DE MATEMATICA DA UFPE,,
153353,DEPTO.DE ESTATISTICA DA UFPE,,
153354,DEPTO.DE QUIMICA FUNDAMENTAL DA UFPE,,
153355,DIRETORIA DO CENTRO DE INFORMATICA - UFPE,,
153356,DEPTO.DE ANATOMIA DA UFPE,,
153358,DEPTO.DE FISIOLOGIA E FARMACOLOGIA DA UFPE,,
153361,DEPTO. DE ZOOLOGIA DA UFPE,,
153362,DEPTO. DE ANTIBIOTICOS DA UFPE,,
153366,DEPTO. DE FILOSOFIA DA UFPE,,
153367,DEPTO. DE HISTORIA DA UFPE,,
153368,DEPARTAMENTO DE SOCIOLOGIA DA UFPE,,
153370,DEPTO. DE CIENCIAS GEOGRAFICAS DA UFPE,,
153375,COLEGIO DE APLICACAO DA UFPE,,
153376,NUCLEO DE SAUDE PUBLICA E DESENV.SOCIAL-UFPE,,
153377,DEPTO.DE CIENCIAS ADMINISTRATIVAS DA UFPE,,
153389,DEPTO.DE CLINICA E ODONTOL.PREVENTIVA DA UFPE,,
153390,DEPTO.DE PROTESE E CIRURGIA BUCO FACIAL-UFPE,,
153392,DEPTO.DE ENFERMAGEM DA UFPE,,
153393,DEPTO.DE EDUCACAO FISICA DA UFPE,,
153394,DEPTO. DE FISIOTERAPIA DA UFPE,,
153396,DEPTO.DE ENG.CIVIL DA UFPE,,
153398,DEPTO.DE ENG.MECANICA DA UFPE,,
153400,DEPTO.DE ENGENHARIA QUIMICA DA UFPE,,
153401,DEPTO.DE GEOLOGIA DA UFPE,,
153404,DEPTO.DE ELETRONICA E SISTEMAS DA UFPE,,
153409,PRO-REITORIA DE GESTÃO ADMINISTRATIVA,,
153410,LIKA/LABORAT.IMUNOPATOLOGIA KEISO ASAMI-UFPE,,
153412,PRO-REITORIA PLANEJ.ORCAM.FINANÇAS,,
153413,PRO-REIT.DE GEST.DE PESSOAS QUAL.DE VIDA PROG,,
153490,FACULDADE DE LETRAS - UFRJ,RJ,
153491,ESCOLA DE MUSICA - UFRJ,RJ,
153492,FACULDADE DE ARQUITETURA E URBANISMO - UFRJ,RJ,
153494,INSTITUTO DE MACROMOLECULAS DA UFRJ,RJ,
153515,INSTITUTO DE ESTUDOS EM SAUDE COLETIVA,,
153610,UNIVERSIDADE FEDERAL DE SANTA MARIA - HUSM,,
153808,HOSPITAL DE CLINICAS DA UFPR,,
153977,CENTRO DE ENSINO SUPERIOR DO SERIDO/UFRN,,
153978,INST.NACIONAL DE EST.E PESQUISAS EDUCACIONAIS,,
153984,PRO-REITORIA DE GRADUAÇÃO,,
153991,UTFPR - CAMPUS DOIS VIZINHOS,,
154003,FUND.COORD.DE APERF.DE PESSOAL NIVEL SUPERIOR,,
154019,CENTRO DE APOIO AO DESENVOLV. TECNOLOGICO-CDT,,
154032,FUND.UNIV.FED.DE.CIENC.DA SAUDE DE P.ALEGRE,,
154035,HOSPITAL UNIV. GAFFREE E GUINLE DA UNIRIO,,
154042,UNIVERSIDADE FEDERAL DO RIO GRANDE - FURG,,
154043,FUNDACAO UNIVERSIDADE FEDERAL DE UBERLANDIA,,
154046,UNIVERSIDADE FEDERAL DE OURO PRETO,,
154047,FUNDACAO UNIVERSIDADE FEDERAL DE PELOTAS,,
154049,FUNDACAO UNIVERSIDADE FEDERAL DE SAO CARLOS,,
154051,UNIVERSIDADE FEDERAL DE VICOSA,,
154052,CENTRAL DE ENS.DES.AGRAR.DE FLORESTAL/UFV,,
154053,CENTRAL DE EXP.PESQ.E EXT.DO TRIANG.MIN./UFV,,
154069,FUNDACAO UNIVERSIDADE FEDERAL DE S.J.DEL-REI,,
154070,HOSPITAL UNIVERSITARIO JULIO MULLER DA FUFMT,,
154072,HOSPITAL UNIVERSITARIO,,
154079,CENTRO DE SEL.E DE PROMOÇÃO DE EVENTOS,,
154145,HOSPITAL ESCOLA DA UFPEL,,
154177,HOSPITAL UNIVERSITARIO DA FUFSE,,
154359,FUNDACAO UNIVERSIDADE FEDERAL DO PAMPA,,
154421,FUND. UNIVERSIDADE FEDERAL VALE SAO FRANCISCO,,
154459,CENTRO CULTURAL DA UFMG,,
154502,FUNDACAO UNIVERSIDADE FED. DA GRANDE DOURADOS,,
154503,FUNDACAO UNIVERSIDADE FEDERAL DO ABC,,
154581,INST. FED. BAIANO -CAMPUS TEIXEIRA DE FREITAS,,
154617,INST. FED. BAIANO - CAMPUS URUÇUCA,,
154618,INST. FED. BAIANO - CAMPUS GOV. MANGABEIRA,,
154628,INST.FEDERAL FARROUPILHA/CAMPUS JAGUARI,,
154712,SUPERINTENDENCIA DE PROJETOS E OBRA - GAB,,
154728,SECRETARIA GESTAO INFORMACAO E COMUNICACAO,,
155007,EMPRESA BRASILEIRA DE SERVIÇOS HOSPITALARES,,
155008,EBSERH - HOSPITAL UNIVERSITÁRIO DO PIAUÍ,,
158124,IF GOIANO,,
158125,INST. FED. CATARINENSE/REITORIA,,
158162,INST.FED.DO PARÁ/CAMPUS BREVES,,
158172,HOSPITAL UNIVERSITARIO JOAO DE BARROS BARRETO,,
158195,UNIVERSIDADE FEDERAL DE CAMPINA GRANDE,,
158196,HOSPITAL UNIVERSITARIO ALCIDES CARNEIRO/UFCG,,
158197,CENTRO DE FORMACAO DE PROFESSORES DA UFCG,,
158198,CENTRO DE CIENCIAS JURIDICAS E SOCIAIS/UFCG,,
158199,CENTRO DE SAUDE E TECNOLOGIA RURAL DA UFCG,,
158219,COLÉGIO DE APLICAÇÃO DA UFRJ,RJ,
158220,HOSPITAL ESCOLA SAO FRANCISCO DE ASSIS,,
158221,ESCOLA DE SERVIÇO SOCIAL DA UFRJ,RJ,
158222,ESCOLA DE COMUNICAÇÃO DA UFRJ,RJ,
158223,FACULDADE DE DIREITO DA UFRJ,RJ,
158229,INSTITUTO DE BIOQUÍMICA MÉDICA DA UFRJ,RJ,
158266,INST.FED.FARROUPILHA/CAMPUS SANTO AUGUSTO,,
158267,INST.FED.FARROUPILHA/CAMPUS DE ALEGRETE,,
158268,INST.FED.FARROUPILHA/CAMPUS SÃO VICENTE SUL,,
158269,INST.FED.FARROUPILHA/CAMPUS JULIO CASTILHOS,,
158270,IFSP - CAMPUS SÃO PAULO,,
158277,INST.FED.BAIANO/CAMPUS SANTA INES,,
158278,INST.FED.S.PERNAMB./CAMPUS PETROLINA Z.RURAL,,
158298,IF GOIANO - CAMPUS URUTAI,,
158299,IF GOIANO - CAMPUS RIO VERDE,,
158300,IF GOIANO - CAMPUS MORRINHOS,,
158301,CENTRO DE CIENCIAS E TECNOLOGIA AGROALIMENTAR,,
158302,IF GOIANO - CAMPUS CERES,,
158303,IFSULDEMINAS - CAMPUS MUZAMBINHO,,
158304,IFSULDEMINAS - CAMPUS MACHADO,,
158305,IFSULDEMINAS - CAMPUS INCONFIDENTES,,
158306,INST.FED.DO PARÁ/CAMPUS BELEM,,
158307,INST.FED.DO PARÁ/CAMPUS RURAL MARABÁ,,
158308,INST.FED.DO PARÁ/CAMPUS CASTANHAL,,
158310,INST.FED.TRIANGULO MINEIRO/CAMPUS UBERABA,,
158311,INST.FED.TRIANGULO MINEIRO/CAMPUS ITUIUTABA,,
158312,INST.FED.TRIANGULO MINEIRO/CAMPUS UBERLANDIA,,
158329,IFSP - CAMPUS SÃO ROQUE,,
158330,IFSP - CAMPUS SÃO CARLOS,,
158331,IFSP - CAMPUS SERTÃOZINHO,,
158332,IFSP - CAMPUS CUBATÃO,,
158338,INST.FED.SUL RIO GRANDENSE/CAMPUS PASSO FUNDO,,
158339,INST.FED.SUL RIO GRANDENSE/CAMPUS SAPUCAIA,,
158340,INST.FED.SUL RIO GRANDENSE/CAMPUS CHARQUEADAS,,
158344,IFSP - CAMPUS BRAGANÇA PAULISTA,,
158347,IFSP - CAMPUS CAMPOS DO JORDÃO,,
158348,IFSP - CAMPUS GUARULHOS,,
158349,IFSP - CAMPUS CARAGUATATUBA,,
158354,INST.FED.PIAUÍ/CAMPUS TERESINA ZONA SUL,,
158364,IFSP - CAMPUS SALTO,,
158379,INST. FED. CATARINENSE/CAMPUS VIDEIRA,,
158386,INST.FED. FLUMINENSE/CAMPUS GUARUS,,
158387,INST.FED  FLUMINENSE/CAMPUS B.JESUS DO ITABAP,,
158401,CENTRO DESENV SUSTENTAVEL DO SEMIARIDO-UFCG,,
158433,INST.FED.DE GOIÁS/CAMPUS ITUMBIARA,,
158435,INST.FED.BAIANO/CAMPUS SENHOR DO BONFIM,,
158442,INST. FED. BAIANO - CAMPUS GUANAMBI,,
158443,INST.FED.BAIANO/CAMPUS CATU,,
158447,CAMPUS COARI,,
158459,INST. FED. CATARINENSE/CAMPUS ARAQUARI,,
158460,INST. FED. CATARINENSE/CAMPUS CAMBORIU,,
158461,INST. FED. CATARINENSE/CAMPUS CONCORDIA,,
158462,INST. FED. CATARINENSE/CAMPUS SOMBRIO,,
158467,INST.FED.DO SUL-RIO-GRANDENSE/CAMPUS PELOTAS,,
158499,INST.FED.SERTAO PERNAMBUCANO/CAMPUS PETROLINA,,
158500,INST.FED.SERTAO PERNAMBUCANO/CAMPUS FLORESTA,,
158501,IFB - CAMPUS PLANALTINA,,
158503,INST.FED.FARROUPILHA/CAMPUS DE SÃO BORJA,,
158504,INST.FED.FARROUPILHA/CAMPUS DE SANTA ROSA,,
158505,INST.FE.FARROUPILHA/CAMPUS PANAMBI,,
158506,INST.FED.DO PARÁ/CAMPUS BRAGANÇA,,
158508,INST.FED.DO PARÁ/CAMPUS ABAETETUBA,,
158509,INST.FED.DO PARÁ/CAMPUS CONCEIC. DO ARAGUAIA,,
158512,INST.FED.DO PARÁ/CAMPUS INDUSTRIAL MARABÁ,,
158517,UNIVERSIDADE FEDERAL DA FRONTEIRA SUL,,
158518,INST.FED.DO PARÁ/CAMPUS SANTARÉM,,
158520,IFSP - CAMPUS CATANDUVA,,
158522,INSTITUTO FEDERAL DE GOIÁS/CAMPUS ANÁPOLIS,,
158523,INSTITUTO FEDERAL DE GOIÁS/CAMPUS FORMOSA,,
158524,INSTITUTO FEDERAL DE GOIÁS/CAMPUS LUZIANIA,,
158525,IFSP - CAMPUS BIRIGUI,,
158526,IFSP - CAMPUS ITAPETININGA,,
158528,IFSP - CAMPUS PIRACICABA,,
158560,CAMPUS PARINTINS,,
158561,CAMPUS TABATINGA,,
158562,CAMPUS PRESIDENTE FIGUEIREDO,,
158563,IFAM - CAMPUS MAUÉS,,
158564,CAMPUS LÁBREA,,
158565,UNIV.DA INTEG.INTERN.DA LUSOF.AFRO-BRASILEIRA,,
158566,IFSP - CAMPUS SUZANO,,
158567,INST.FED.DO PARÁ/CAMPUS ITAITUBA,,
158578,IFSP - CAMPUS HORTOLÂNDIA,,
158579,IFSP - CAMPUS VOTUPORANGA,,
158581,IFSP - CAMPUS ARARAQUARA,,
158582,IFSP - CAMPUS AVARÉ,,
158583,IFSP - CAMPUS BARRETOS,,
158584,IFSP - CAMPUS PRESIDENTE EPITACIO,,
158586,IFSP - CAMPUS REGISTRO,,
158610,INST.FED.DE GOIÁS-CAMPUS APARECIDA DE GOIÂNIA,,
158611,INST. FED. DE GOIÁS - CAMPUS CIDADE DE GOIÁS,,
158658,UNIVERS. FEDERAL DA INTEG. LATINO AMERICANA,,
158667,IF GOIANO - CAMPUS IPORA,,
158710,IFSP - CAMPUS BOITUVA,,
158712,IFSP - CAMPUS CAPIVARI,,
158713,IFSP - CAMPUS SAO JOSE DOS CAMPOS,,
158714,IFSP - CAMPUS CAMPINAS,,
158883,INST.FED.DO ESPÍRITO SANTO/CAMPUS GUARAPARI,,
158892,IFES/CAMPUS PIÚMA,,
160001,7 BATALHAO DE ENGENHARIA DE CONSTRUCAO,,
160003,20 CIRCUNSCRICAO DE SERVICO MILITAR,,
160004,59  BATALHAO DE INFANTARIA MOTORIZADO,,
160005,54 BATALHAO DE INFANTARIA DE SELVA,,
160006,1 BATALHAO DE INFANTARIA DE SELVA(AEROMOVEL),,
160007,4 BATALHAO DE AVIAÇÃO DO EXERCITO,,
160008,CENTRO DE EMBARCACOES DO COM.MIL.DA AMAZONIA,,
160009,12 INSPETORIA DE CONTAB.FINANCAS DO EXERCITO,,
160010,29 CIRCUNSCRICAO DE SERVICO MILITAR,,
160011,4 DIVISAO DE LEVANTAMENTO,,
160012,CENTRO DE INSTRUCAO DE GUERRA NA SELVA,,
160014,COMANDO 12 REGIAO MILITAR,,
160015,COMANDO 2 GRUPAMENTO ENGENHARIA,,
160016,COMANDO DO COMANDO MILITAR DA AMAZONIA,,
160017,COMISSAO REGIONAL DE OBRAS/12,,
160018,12. BATALHAO DE SUPRIMENTO,,
160019,HOSPITAL DE GUARNICAO DE TABATINGA,,
160021,PARQUE REGIONAL DE MANUTENCAO/12,,
160022,21 COMPANHIA DE ENGENHARIA CONSTRUCAO,,
160023,10. COMPANHIA DE ENGENHARIA DE COMBATE,,
160024,COMANDO DE FRONTEIRA SOLIMOES/8 BIS,,
160027,4 BATALHAO DE ENGENHARIA DE CONSTRUCAO,,
160028,35 BATALHAO DE INFANTARIA,,
160029,18 CIRCUNSCRICAO DE SERVICO MILITAR,,
160030,1 COMPANHIA DE INFANTARIA,,
160032,17 CIRCUNSCRICAO DE SERVICO MILITAR,,
160033,19 BATALHAO DE CACADORES,,
160034,4 COMPANHIA DE GUARDA,,
160036,COMANDO 6 REGIAO MILITAR,,
160038,6. DEPOSITO DE SUPRIMENTO,,
160040,PARQUE REGIONAL DE MANUTENCAO/6,,
160041,40 BATALHAO DE INFANTARIA,,
160044,23 BATALHAO DE CACADORES,,
160045,25 CIRCUNSCRICAO DE SERVICO MILITAR,,
160047,COMANDO 10 REGIAO MILITAR,,
160049,10. DEPOSITO DE SUPRIMENTO,,
160051,PARQUE REGIONAL DE MANUTENCAO/10,,
160052,1 REGIMENTO DE CAVALARIA DE GUARDA,,
160053,11 GRUPO DE ARTILHARIA ANTIAEREA,,
160055,16 BATALHAO LOGISTICO,,
160056,CENTRO DE IMAGENS E INFORM.GEOG.EXERCITO,,
160057,3 ESQUADRAO DE CAVALARIA MECANIZADO,,
160058,32 GRUPO DE ARTILHARIA DE CAMPANHA,,
160059,BATALHAO DE GUARDA PRESIDENCIAL,,
160062,CENTRO DE INTELIGENCIA DO EXERCITO,,
160065,COMANDO DA 11A. REGIAO MILITAR,,
160066,COMISSAO REGIONAL DE OBRAS/11,,
160067,DEPARTAMENTO DE ENGENHARIA E CONSTRUCAO,,
160068,DEPARTAMENTO DE EDUCACAO E CULTURA DO EXERCIT,,
160069,COMANDO LOGISTICO,,
160070,DEPARTAMENTO-GERAL DO PESSOAL,,
160072,11. DEPOSITO DE SUPRIMENTO,,
160074,PARQUE REGIONAL DE MANUTENCAO/8,,
160076,DEPARTAMENTO DE CIENCIA E TECNOLOGIA,,
160078,COLEGIO MILITAR DE CAMPO GRANDE,,
160079,COLEGIO MILITAR DE SANTA MARIA,,
160081,23 ESQUADRAO DE CAVALARIA DE SELVA,,
160083,ESTABELCIMENTO GEN GUSTAVO CORDEIRO FARIAS,,
160085,ESTADO-MAIOR DO EXERCITO,,
160086,GABINETE DO COMANDANTE DO EXERCITO,,
160089,SECRETARIA DE ECONOMIA E FINANCAS,,
160090,SECRETARIA-GERAL DO EXERCITO,,
160091,CENTRO INTEGRADO DE TELEMATICA DO EXERCITO,,
160093,38  BATALHAO DE INFANTARIA,,
160095,58 BATALHAO DE INFANTARIA MOTORIZADO,,
160098,BASE ADMINISTRATIVA DA BDA DE OP ESPECIAIS,,
160099,7 CIRCUNSCRICAO DE SERVICO MILITAR,,
160100,COMANDO DA 3A BDA DE INFANTARIA   MOTORIZADA,,
160101,23 COMPANHIA DE ENGENHARIA DE COMBATE,,
160102,41 BATALHAO DE INFANTARIA MOTORIZADO,,
160103,50 BATALHAO DE INFANTARIA DE SELVA,,
160104,27 CIRCUNSCRICAO DE SERVICO MILITAR,,
160105,24 BATALHAO DE INFANTARIA LEVE,,
160106,11 BATALAHO DE ENGENHARIA DE CONSTRUCAO,,
160107,11 CIRCUNSCRICAO DE SERVICO MILITAR,,
160108,12 BATALHAO DE INFANTARIA,,
160109,4 COMPANHIA DE COMUNICACOES,,
160110,COLEGIO MILITAR DE JUIZ DE FORA,,
160111,COMANDO DA 4A BDA DE INFANTARIA LEVE MONTANHA,,
160113,4 BATALHAO DE ENGENHARIA DE COMBATE,,
160114,10 BATALHAO DE INFANTARIA,,
160115,12 CIRCUNSCRICAO DE SERVICO MILITAR,,
160116,17 BATALHAO LOGISTICO,,
160117,4 GRUPO DE ARTILHARIA DE CAMPANHA,,
160118,COMANDO DA 4ª REGIÃO MILITAR,,
160120,4. DEPOSITO DE SUPRIMENTO,,
160121,HOSPITAL GERAL DE JUIZ DE FORA,,
160122,55 BATALHAO DE INFANTARIA,,
160123,14 GRUPO DE ARTILHARIA DE CAMPANHA,,
160125,4 ESQUADRAO DE CAVALARIA MECANIZADO,,
160126,11.BATALHAO DE INFANTARIA DE MONTANHA,,
160127,4 GRUPO DE ARTILHARIA ANTIAEREA,,
160128,13 CIRCUNSCRICAO DE SERVICO MILITAR,,
160129,ESCOLA DE SARGENTOS DAS ARMAS,,
160130,36 BATALHAO DE INFANTARIA MOTORIZADO,,
160131,17 REGIMENTO DE CAVALARIA MECANIZADO,,
160132,9 BATALHAO DE ENGENHARIA DE COMBATE,,
160133,10 REGIMENTO DE CAVALARIA MECANIZADO,,
160134,CENTRO DE INSTRUÇAO DE OPERAÇOES ESPECIAIS,,
160136,18 BATALHAO LOGISTICO,,
160139,HOSPITAL DE GUARNICAO DE JOAO PESSOA,,
160140,COMANDO DA 9A.REGIAO MILITAR,,
160141,COMISSAO DE OBRAS DO 3º GRUPTO DE ENGENHARIA,,
160142,9.BATALHAO DE SUPRIMENTO,,
160143,HOSPITAL MILITAR DE AREA DE CAMPO GRANDE,,
160144,3A.COMPANHIA DE FRONTEIRA E FORTE COIMBRA,,
160145,17 BATALHAO DE FRONTEIRA,,
160146,COMANDO DA 18 BRIGADA DE INF FRONTEIRA,,
160147,47 BATALHAO DE INFANTARIA,,
160148,BASE DE ADMINISTRAÇÃO E APOIO DO CMP,,
160149,COMANDO 4 BRIGADA DE CAVALARIA MECANIZADA,,
160150,4 COMPANHIA DE ENGENHARIA COMBATE MECANIZADA,,
160151,9 GRUPO DE ARTILHARIA DE CAMPANHA,,
160152,11 REGIMENTO DE CAVALARIA MECANIZADO,,
160153,2 COMPANHIA DE FRONTEIRA,,
160155,2  BATALHAO DE FRONTEIRA,,
160156,44 BATALHAO DE INFANTARIA MOTORIZADO,,
160157,9 BATALHAO DE ENGENHARIA DE CONSTRUCAO,,
160158,COMANDO 13  BDA DE INFANTARIA MOTORIZADA,,
160159,18 GRUPO DE ARTILHARIA DE CAMPANHA,,
160160,51 BATALHAO DE INFANTARIA DE SELVA,,
160161,2 BATALHAO DE INFANTARIA DE SELVA,,
160162,28 CIRCUNSCRICAO DE SERVICO MILITAR,,
160163,COMANDO DA 8 REGIAO MILITAR/8 DE,,
160165,8. DEPOSITO DE SUPRIMENTO,,
160166,HOSPITAL GERAL DE BELEM,,
160167,53 BATALHAO DE INFANTARIA DE SELVA,,
160168,HOSPITAL DA GUARNICAO DE MARABA,,
160169,52 BATALHAO DE INFANTARIA DE SELVA,,
160170,COMANDO 23 BRIGADA DE INFANTARIA DE SELVA,,
160171,8 BATALHAO DE ENGENHARIA DE CONSTRUCAO,,
160172,16 REGIMENTO DE CAVALARIA MECANIZADO,,
160173,31 BATALHAO DE INFANTARIA MOTORIZADO,,
160174,15 BATALHAO DE INFANTARIA MOTORIZADO,,
160175,23 CIRCUNSCRICAO DE SERVICO MILITAR,,
160176,COMANDO 1 GRUPAMENTO DE ENGENHARIA,,
160177,71 BATALHAO DE INFANTARIA MOTORIZADO,,
160178,14 BATALHAO DE INFANTARIA MOTORIZADO,,
160179,3 DIVISAO DE LEVANTAMENTO,,
160180,4 BATALHAO DE POLICIA DO EXERCITO,,
160181,7 GRUPO DE ARTILHARIA DE CAMPANHA,,
160182,7ª COMPANHIA DE COMUNICAÇÓES,,
160183,72 BATALHAO DE INFANTARIA MOTORIZADO,,
160184,10 ESQUADRAO DE CAVALARIA MECANIZADO,,
160185,14 BATALHAO LOGISTICO,,
160187,21 CIRCUNSCRICAO DE SERVICO MILITAR,,
160188,4 BATALHAO DE COMUNICACOES,,
160189,7  INSPETORIA DE CONTABILIDADE E FINANCAS,,
160193,COMANDO 10 BRIGADA DE INFANTARIA MOTORIZADA,,
160194,COMANDO 7 REGIAO MILITAR/7 DIV DE EXERCITO,,
160195,COMANDO DO COMANDO MILITAR DO NORDESTE,,
160198,7.DEPOSITO DE SUPRIMENTO,,
160200,PARQUE REGIONAL DE MANUTENCAO/7,,
160201,COMISSAO REGIONAL DE OBRAS/7,,
160202,3 BATALHAO DE ENGENHARIA DE CONSTRUCAO,,
160203,2 BATALHAO DE ENGENHARIA DE CONSTRUCAO,,
160204,25 BATALHAO DE CACADORES,,
160205,26 CIRCUNSCRICAO DE SERVICO MILITAR,,
160206,30 BATALHAO DE INFANTARIA MOTORIZADO,,
160207,3º REGIMENTO DE CARROS DE COMBATE,,
160208,33 BATALHAO DE INFANTARIA MOTORIZADO,,
160209,COMANDO 15 BRIGADA DE INFANTARIA MOTORIZADA,,
160211,20 BATALHAO DE INFANTARIA BLINDADO,,
160212,27 BATALHAO LOGISTICO,,
160213,5 BATALHAO LOGISTICO,,
160214,5 COMPANHIA DE COMUNICACOES BLINDADA,,
160216,5 ESQUADRAO DE CAVALARIA MECANIZADA,,
160219,COMANDO 5 REGIAO MILITAR/5 DIVISAO  EXERCITO,,
160220,COMISSAO REGIONAL DE OBRAS/5,,
160222,5. BATALHAO DE SUPRIMENTO,,
160224,PARQUE REGIONAL DE MANUTENCAO/5,,
160226,34 BATALHAO DE INFANTARIA MOTORIZADO,,
160227,15ª COMPANHIA DE INFANTARIA MOTORIZADA,,
160228,26 GRUPO DE ARTILHARIA DE CAMPANHA,,
160229,15 GRUPO DE ART DE CAMPANHA AUTOPROPULSADO,,
160230,15 COMPANHIA DE ENGENHARIA DE COMBATE,,
160232,13 BATALHAO DE INFANTARIA BLINDADO,,
160233,COMANDO 5º BRIGADA DE CAVALARIA BLINDADA,,
160234,5 REGIMENTO DE CARROS DE COMBATE,,
160236,56 BATALHAO DE INFANTARIA,,
160237,CENTRO DE AVALIAÇÃO DO EXERCITO,,
160238,BASE DE APOIO LOGÍSTICO DO EXÉRCITO,,
160239,CENTRO DE RECUPERACAO DE ITATIAIA,,
160240,9A. BATERIA DE ARTILHARIA ANTIAEREA,,
160241,ODONTOCLINICA CENTRAL DO EXÉRCITO,,
160244,COMANDO DE ARTILHARIA DIVISIONARIA DA 1 DE,,
160245,POLICLINICA MILITAR DE NITEROI,,
160246,DEPOSITO CENTRAL DE MUNICAO,,
160247,32 BATALHAO DE INFANTARIA MOTORIZADO,,
160249,ACADEMIA MILITAR DAS AGULHAS NEGRAS,,
160250,1 BATALHAO DE COMUNICACOES,,
160251,BATALHAO ESCOLA DE COMUNICACOES,,
160252,BATALHAO ESCOLA DE ENGENHARIA,,
160253,1 BATALHAO DE GUARDA,,
160255,1 BATALHAO DE POLICIA DO EXERCITO,,
160259,1 GRUPO DE ARTILHARIA ANTIAEREA,,
160260,1 GRUPO DE ARTILHARIA DE CAMPANHA DE SELVA,,
160261,1 INSPETORIA DE CONTABILIDADE E FINANCAS,,
160262,1 REGIMENTO DE CARROS DE COMBATE,,
160263,11 GRUPO DE ARTILHARIA DE CAMPANHA,,
160264,111 COMPANHIA DE APOIO DE MATERIAL BELICO,,
160265,15º REGIMENTO DE CAVALARIA MECANIZADO(ESCOLA),,
160268,2 CIRCUNSCRICAO DE SERVICO MILITAR,,
160270,2º REGIMENTO DE CAVALARIA DE GUARDAS,,
160272,21 GRUPO DE ARTILHARIA CAMPANHA,,
160278,5 DIVISAO DE LEVANTAMENTO,,
160283,PREFEITURA MILITAR DA ZONA SUL,,
160285,ARSENAL DE GUERRA DO RIO,,
160286,BATALHAO DE MANUTENCAO DE ARMAMENTO,,
160287,BIBLIOTECA DO EXERCITO,,
160288,CAMPO DE INSTRUCAO DE GERICINO,,
160289,CENTRO DE EST.DE PES.E FORTE DUQUE DE CAXIAS,,
160291,CENTRO TECNOLOGICO DO EXERCITO,,
160293,CMDO DA 1 BRIGADA DE ARTILHARIA ANTIAEREA,,
160295,CMDO GRUPAMENTO UNID.ESCOLA/9ª BDA INF MTZ,,
160297,COMANDO DA 1   DIVISAO DE  EXERCITO,,
160298,COMANDO DA 1 REGIAO MILITAR,,
160299,COMANDO DO COMANDO MILITAR DO LESTE,,
160301,COMISSAO REGIONAL DE OBRAS/1,,
160303,BASE DE ADMINISTRAÇÃO E APOIO DA 1 RM,,
160304,DEPOSITO CENTRAL DE ARMAMENTO,,
160307,1.DEPOSITO DE SUPRIMENTO,,
160311,ESCOLA DE APERFEICOAMENTO DE OFICIAIS,,
160312,ESCOLA DE ARTILHARIA DE COSTA E ANTIAEREA,,
160313,ESCOLA DE CMDO E ESTADO-MAIOR DO EXERCITO,,
160315,CENTRO DE CAP.FISIC.DO EXERCIT. FORT.SÃO JOAO,,
160317,ESCOLA DE INSTRUCAO ESPECIALIZADA,,
160318,ESCOLA DE SARGENTOS DE LOGISTICA,,
160319,ESCOLA DE SAUDE DO EXERCITO,,
160321,ESTABELECIMENTO CENTRAL DE TRANSPORTE,,
160322,HOSPITAL CENTRAL DO EXERCITO,,
160324,INSTITUTO DE BIOLOGIA DO EXERCITO,,
160327,INSTITUTO MILITAR DE ENGENHARIA,,
160328,LABORATORIO QUIMICO FARMACEUTICO DO EXERCITO,,
160329,PARQUE REGIONAL DE MANUTENÇAO 1A REG. MILITAR,,
160332,POLICLINICA MILITAR DA PRAIA VERMELHA,,
160336,DIRETORIA DE FABRICAÇÃO,,
160338,1 ESQUADRAO DE CAVALARIA LEVE,,
160339,1 BATALHAO DE ENGENHARIA DE CONSTRUCAO,,
160340,16 BATALHAO DE INFANTARIA MOTORIZADO,,
160341,17 GRUPO DE ARTILHARIA DE CAMPANHA,,
160342,24 CIRCUNSCRICAO DE SERVICO MILITAR,,
160343,7 BATALHAO DE ENGENHARIA DE COMBATE,,
160344,COMANDO 7 BRIGADA DE INFANTARIA MOTORIZADA,,
160345,HOSPITAL DE GUARNICAO DE NATAL,,
160347,31 CIRCUNSCRICAO DE SERVICO MILITAR,,
160348,5 BATALHAO DE ENGENHARIA DE CONSTRUCAO,,
160349,COMANDO DA 17 BRIGADA DE INFANTARIA DE SELVA,,
160350,17A BASE LOGISTICA,,
160353,6 BATALHAO DE ENGENHARIA DE CONSTRUCAO,,
160354,10 BATALHAO LOGISTICO,,
160355,10 CIRCUNSCRICAO DE SERVICO MILITAR,,
160356,12º BATALHAO DE ENG. DE COMBATE BLINDADO,,
160357,12 COMPANHIA DE COMUNICACOES MECANIZADA,,
160358,6 REGIMENTO DE CAVALARIA BLINDADO,,
160359,HOSPITAL DA GUARNICAO DE ALEGRETE,,
160360,6 BATALHAO DE COMUNICACAO,,
160361,25 GRUPO DE ARTILHARIA DE CAMPANHA,,
160362,3 BATALHAO LOGISTICO,,
160363,3 REGIMENTO DE CAVALARIA MECANIZADO,,
160364,COMANDO 3 BRIGADA DE CAVALARIA MECANIZADA,,
160365,HOSPITAL DE GUARNICAO DE BAGE,,
160366,13 GRUPO DE ARTILHARIA DE CAMPANHA,,
160367,3 BATALHAO DE ENGENHARIA DE COMBATE,,
160368,3 BATALHAO DE SUPRIMENTO,,
160369,3 GRUPO DE ARTILHARIA ANTIAEREA,,
160372,COMANDO DE ARTILHARIA DIVISIONARIA/3 RM,,
160374,ARSENAL DE GUERRA GENERAL CAMARA,,
160375,27 GRUPO DE ARTILHARIA DE CAMPANHA,,
160376,1 REGIMENTO DE CAVALARIA MECANIZADO,,
160377,8 ESQUADRAO DE CAVALARIA MECANIZADO,,
160378,16. ESQUADRAO DE CAVALARIA MECANIZADA,,
160379,9 BATALHAO DE INFANTARIA MOTORIZADO,,
160380,COMANDO 8 BRIGADA DE INFANTARIA MOTORIZADA,,
160382,1 DIVISAO DE LEVANTAMENTO,,
160383,12 REGIMENTO DE CAVALARIA MECANIZADO,,
160384,18 BATALHAO DE INFANTARIA MOTORIZADO,,
160385,3 BATALHAO DE COMUNICACOES,,
160386,3 BATALHAO DE POLICIA DO EXERCITO,,
160387,3 INSPETORIA DE CONTABILIDADE E FINANCAS,,
160388,3 REGIMENTO DE CAVALARIA DE GUARDA,,
160389,8 BATALHAO LOGISTICO,,
160390,8 CIRCUNSCRICAO DE SERVICO MILITAR,,
160392,CMDO DA 3 REGIAO MILITAR,,
160395,COMANDO DO COMANDO MILITAR DO SUL,,
160396,COMISSAO REGIONAL DE OBRAS/3,,
160401,5 REGIMENTO DE CAVALARIA MECANIZADO,,
160402,6 BATALHAO DE ENGENHARIA DE COMBATE,,
160403,6 GRUPO DE ARTILHARIA DE CAMPANHA,,
160404,4 REGIMENTO DE CARRROS DE COMBATE,,
160406,13 COMPANHIA DEPOSITO ARMAMENTO E MUNICAO,,
160407,29 BATALHAO DE INFANTARIA BLINDADO,,
160410,4 BATALHAO LOGISTICO,,
160411,7 BATALHAO DE INFANTARIA BLINDADO,,
160413,CMDO 3 DIVISAO DE EXERCITO,,
160414,COMANDO 6 BRIGADA DE INFANTARIA BLINDADA,,
160415,DEPOSITO DE SUBSISTENCIA SANTA MARIA,,
160416,HOSPITAL DE GUARNICAO DE SANTA MARIA,,
160417,PARQUE REGIONAL DE MANUTENCAO/3,,
160418,19 REGIMENTO DE CAVALARIA MECANIZADO,,
160420,19 GRUPO DE ARTILHARIA DE CAMPANHA,,
160421,9 BATALHAO LOGISTICO,,
160422,COMANDO 1 BRIGADA DE CAVALARIA MECANIZADA,,
160423,HOSPITAL DE GUARNICAO DE SANTIAGO,,
160426,DEPOSITO DE SUBSISTENCIA SANTO ANGELO,,
160428,2 REGIMENTO DE CAVALARIA MECANIZADO,,
160429,13 COMPANHIA DE COMUNICACOES MECANIZADA,,
160430,9 REGIMENTO DE CAVALARIA BLINDADO,,
160431,4 REGIMENTO DE CAVALARIA BLINDADO,,
160433,19 BATALHAO DE INFANTARIA MOTORIZADO,,
160434,2 BATERIA DE ARTILHARIA ANTIAEREA,,
160435,7 REGIMENTO DE CAVALARIA MECANIZADO,,
160436,22 GRUPO DE ARTILHARIA DE CAMP.AUTOPROPULSADO,,
160437,8 REGIMENTO DE CAVALARIA MECANIZADO,,
160438,COMANDO 2 BRIGADA DE CAVALARIA MECANIZADA,,
160440,23 BATALHAO DE INFANTARIA,,
160441,28 GRUPO DE ARTILHARIA DE CAMPANHA,,
160443,63 BATALHAO DE INFANTARIA,,
160444,COMANDO 14 BRIGADA INFANTARIA MOTORIZADA,,
160446,62 BATALHAO DE INFANTARIA,,
160447,10 BATALHAO DE ENGENHARIA DE CONSTRUCAO,,
160448,5º BATALHAO DE ENGENHARIA DE COMBATE BLINDADO,,
160450,14 REGIMENTO DE CAVALARIA MECANIZADO,,
160453,19 CIRCUNSCRICAO DE SERVICO MILITAR,,
160454,28 BATALHAO DE CACADORES,,
160455,20 GRUPO DE ARTILHARIA DE CAMPANHA LEVE,,
160456,22 BATALHAO LOGISTICO LEVE,,
160457,BASE DE ADMINISTRACAO E APOIO DO IBIRAPUERA,,
160460,6 CIRCUNSCRICAO DE SERVICO MILITAR,,
160462,COMANDO DA 12 BRIG.DE INFANT.LEVE (AEROMOVEL),,
160466,COMANDO 11 BRIGADA INFANTARIA LEVE (GLO),,
160469,2º GRUPO DE ARTILHARIA DE CAMPANHA LEVE,,
160470,12 GRUPO DE ARTILHARIA DE CAMPANHA,,
160471,37º BATALHAO DE INFANTARIA LEVE,,
160472,5 BATALHAO DE INFANTARIA LEVE,,
160473,2 GRUPO DE ARTILHARIA ANTIAEREA,,
160474,4  BATALHAO DE INFANTARIA LEVE,,
160476,22.DEPOSITO DE SUPRIMENTO,,
160477,2 BATALHAO DE ENGENHARIA DE COMBATE,,
160478,13º REGIMENTO DE CAVALARIA MECANIZADO,,
160479,6 GRUPO DE LANCADORES MULTIPLOS DE FOG/CIF,,
160480,5 CIRCUNSCRICAO DE SERVICO MILITAR,,
160482,COMANDO/1A BRIGADA DE INFANTARIA DE SELVA,,
160484,2 BATALHAO DE POLICIA DO EXERCITO,,
160485,4 CIRCUNSCRICAO DE SERVICO MILITAR,,
160486,3 CENTRO DE TELEMATICA DE AREA,,
160488,COMANDO DA 2  REGIAO MILITAR,,
160491,COMISSAO REGIONAL DE OBRAS/2,,
160494,21.DEPOSITO DE SUPRIMENTO,,
160497,2 INSPETORIA DE CONTABILIDADE E FINANCAS,,
160498,2º BATALHAO DE INFANTARIA LEVE,,
160499,14 CIRCUNSCRICAO DE SERVICO MILITAR,,
160501,MUSEU HISTORICO DO EXERCITO FORTE COPACABANA,,
160512,20 REGIMENTO DE CAVALARIA BLINDADO,,
160513,PARQUE REGIONAL DE MANUTENCAO DA 9 RM,,
160514,COUDELARIA DE RINCAO,,
160515,COMANDO DA 2A BRIGADA DE INFANTARIA DE SELVA,,
160517,3 COMPANHIA DO 63 BATALHAO DE INFANTARIA,,
160518,BASE DE AVIACAO DE TAUBATE,,
160520,23 BATALHAO LOGISTICO DE SELVA,,
160521,2A COMPANHIA DE INFANTARIA,,
160522,28 BATALHAO LOGISITICO,,
160523,CENTRO DE PREP. DE OFICIAIS DA RESERVA DE BH,,
160524,15 BATALHAO LOGISTICO,,
160525,ESCOLA DE FORMACÃO COMPLEMENTAR DO EXERCITO,,
160526,3 COMPANHIA DE ENGENHARIA DE COMB. MECANIZADO,,
160528,BASE ADMINISTRATIVA DO C COM G E EX,,
160530,COMANDO DO COMANDO MILITAR DO OESTE,,
160531,ESCOLA DE APERFEICOAMENTO DE SARGENTOS,,
160536,61. BATALHAO DE INFANTARIA DE SELVA,,
160537,COMANDO DA 16A BRIGADA DE INFANTARIA DE SELVA,,
160545,HOSPITAL DE GUARN. DE S. GABRIEL DA CACHOEIRA,,
160547,22 BATALHAO DE INFANTARIA,,
160548,COMANDO DE OPERACOES TERRESTRES - UG,,
164204,FUNDACAO OSORIO,,
167001,7 BATALHAO DE ENGENHARIA DE CONSTRUCAO,,
167003,20 CIRCUNSCRICAO DE SERVICO MILITAR,,
167004,59  BATALHAO DE INFANTARIA MOTORIZADO,,
167005,54 BATALHAO DE INFANTARIA DE SELVA,,
167006,1 BATALHAO DE INFANTARIA DE SELVA (AEROMOVEL),,
167008,CENTRO DE EMBARCACOES DO COM.MIL.DA AMAZONIA,,
167009,12 INSPETORIA DE CONTAB.FINANCAS DO EXERCITO,,
167010,29 CIRCUNSCRICAO DE SERVICO MILITAR,,
167012,CENTRO DE INSTRUCAO DE GUERRA NA SELVA,,
167014,COMANDO 12 REGIAO MILITAR,,
167015,COMANDO 2 GRUPAMENTO ENGENHARIA,,
167016,COMANDO DO COMANDO MILITAR DA AMAZONIA,,
167017,COMISSAO REGIONAL DE OBRAS/12,,
167018,12. BATALHAO DE SUPRIMENTO,,
167019,HOSPITAL DE GUARNICAO DE TABATINGA,,
167021,PARQUE REGIONAL DE MANUTENCAO/12,,
167022,21  COMPANHIA DE ENGENHARIA DE CONSTRUÇÃO,,
167023,10. COMPANHIA DE ENGENHARIA DE COMBATE,,
167024,COMANDO DE FRONTEIRA SOLIMOES/8 BIS,,
167027,4 BATALHAO DE ENGENHARIA DE CONSTRUCAO,,
167028,35 BATALHAO DE INFANTARIA,,
167029,18 CIRCUNSCRICAO DE SERVICO MILITAR,,
167030,1 COMPANHIA DE INFANTARIA,,
167032,17 CIRCUNSCRICAO DE SERVICO MILITAR,,
167033,19 BATALHAO DE CACADORES,,
167034,4 COMPANHIA DE GUARDA,,
167036,COMANDO 6 REGIAO MILITAR,,
167038,6. DEPOSITO DE SUPRIMENTO,,
167040,PARQUE REGIONAL DE MANUTENCAO/6,,
167041,40 BATALHAO DE INFANTARIA,,
167044,23 BATALHAO DE CACADORES,,
167047,COMANDO 10 REGIAO MILITAR,,
167049,10. DEPOSITO DE SUPRIMENTO,,
167051,PARQUE REGIONAL DE MANUTENCAO/10,,
167052,1 REGIMENTO DE CAVALARIA DE GUARDA,,
167053,11 GRUPO DE ARTILHARIA ANTIAEREA,,
167055,16 BATALHAO LOGISTICO,,
167057,3 ESQUADRAO DE CAVALARIA MECANIZADO,,
167058,32 GRUPO DE ARTILHARIA DE CAMPANHA,,
167059,BATALHAO DE GUARDA PRESIDENCIAL,,
167062,CENTRO DE INTELIGENCIA DO EXERCITO,,
167065,COMANDO DA 11A. REGIAO MILITAR,,
167066,COMISSAO REGIONAL DE OBRAS/11,,
167067,DEPARTAMENTO DE ENGENHARIA E CONSTRUCAO,,
167068,DEPARTAMENTO DE EDUCACAO E CULTURA DO EXERCIT,,
167069,COMANDO LOGISTICO,,
167070,DEPARTAMENTO-GERAL DO PESSOAL,,
167072,11. DEPOSITO DE SUPRIMENTO,,
167074,PARQUE REGIONAL DE MANUTENCAO/8,,
167076,DEPARTAMENTO DE CIENCIA E TECNOLOGIA,,
167078,COLEGIO MILITAR DE CAMPO GRANDE,,
167079,COLEGIO MILITAR DE SANTA MARIA,,
167083,ESTABELECIMENTO GEN GUSTAVO CORDEIRO FARIAS,,
167087,GABINETE DO COMANDANTE DO EXERCITO,,
167089,SECRETARIA DE ECONOMIA E FINANCAS,,
167090,SECRETARIA-GERAL DO EXERCITO,,
167091,CENTRO INTEGRADO DE TELEMATICA DO EXERCITO,,
167093,38  BATALHAO DE INFANTARIA,,
167094,COMISSAO DO EXERCITO BRASILEIRO EM WASHINGTON,,
167095,58 BATALHAO DE INFANTARIA MOTORIZADO,,
167098,BASE ADMINISTRATIVA DA BDA DE OP.ESPECIAISS,,
167099,7 CIRCUNSCRICAO DE SERVICO MILITAR,,
167100,COMANDO DA 3A BDA DE INFANTARIA   MOTORIZADA,,
167101,23 COMPANHIA DE ENGENHARIA DE COMBATE,,
167102,41 BATALHAO DE INFANTARIA MOTORIZADO,,
167103,50 BATALHAO DE INFANTARIA DE SELVA,,
167104,27 CIRCUNSCRICAO DE SERVICO MILITAR,,
167105,24 BATALHAO DE INFANTARIA LEVE,,
167106,11 BATALAHO DE ENGENHARIA DE CONSTRUCAO,,
167107,11 CIRCUNSCRICAO DE SERVICO MILITAR,,
167108,12 BATALHAO DE INFANTARIA,,
167109,4 COMPANHIA DE COMUNICACOES,,
167110,COLEGIO MILITAR DE JUIZ DE FORA,,
167111,COMANDO DA 4A BDA DE INFANTARIA LEVE MONTANHA,,
167113,4 BATALHAO DE ENGENHARIA DE COMBATE,,
167114,10 BATALHAO DE INFANTARIA,,
167115,12 CIRCUNSCRICAO DE SERVICO MILITAR,,
167116,17 BATALHAO LOGISTICO,,
167117,4 GRUPO DE ARTILHARIA DE CAMPANHA,,
167118,COMANDO DA 4ª REGIÃO MILITAR,,
167120,4. DEPOSITO DE SUPRIMENTO,,
167121,HOSPITAL GERAL DE JUIZ DE FORA,,
167122,55 BATALHAO DE INFANTARIA,,
167123,14 GRUPO DE ARTILHARIA DE CAMPANHA,,
167125,4 ESQUADRAO DE CAVALARIA MECANIZADO,,
167126,11.BATALHAO DE INFANTARIA DE MONTANHA,,
167127,4 GRUPO DE ARTILHARIA ANTIAEREA,,
167128,13 CIRCUNSCRICAO DE SERVICO MILITAR,,
167129,ESCOLA DE SARGENTOS DAS ARMAS,,
167130,36 BATALHAO DE INFANTARIA MOTORIZADO,,
167131,17 REGIMENTO DE CAVALARIA MECANIZADO,,
167132,9 BATALHAO DE ENGENHARIA DE COMBATE,,
167133,10 REGIMENTO DE CAVALARIA MECANIZADO,,
167134,CENTRO DE INSTRUÇÃO DE OPERAÇÓES ESPECIAIS,,
167136,18 BATALHAO LOGISTICO,,
167139,HOSPITAL DE GUARNICAO DE JOAO PESSOA,,
167140,COMANDO DA 9A.REGIAO MILITAR,,
167141,COMISSAO DE OBRAS DO 3º GRUPTO DE ENGENHARIA,,
167142,9.BATALHAO DE SUPRIMENTO,,
167143,HOSPITAL MILITAR DE AREA DE CAMPO GRANDE,,
167144,3A.COMPANHIA DE FRONTEIRA E FORTE COIMBRA,,
167145,17 BATALHAO DE FRONTEIRA,,
167146,COMANDO DA 18 BRIGADA DE INF FRONTEIRA,,
167147,47 BATALHAO DE INFANTARIA,,
167148,BASE DE ADMINISTRAÇÃO E APOIO/CMP,,
167149,COMANDO 4 BRIGADA DE CAVALARIA MECANIZADA,,
167150,4 COMPANHIA ENGENHARIA CMB MEC,,
167151,9 GRUPO DE ARTILHARIA DE CAMPANHA,,
167152,11 REGIMENTO DE CAVALARIA MECANIZADO,,
167153,2 COMPANHIA DE FRONTEIRA,,
167155,2  BATALHAO DE FRONTEIRA,,
167156,44 BATALHAO DE INFANTARIA MOTORIZADO,,
167157,9 BATALHAO DE ENGENHARIA DE CONSTRUCAO,,
167158,COMANDO 13  BDA DE INFANTARIA MOTORIZADA,,
167159,18 GRUPO DE ARTILHARIA DE CAMPANHA,,
167160,51 BATALHAO DE INFANTARIA DE SELVA,,
167161,2 BATALHAO DE INFANTARIA DE SELVA,,
167162,28 CIRCUNSCRICAO DE SERVICO MILITAR,,
167163,COMANDO DA 8A REGIAO MILITAR,,
167165,8. DEPOSITO DE SUPRIMENTO,,
167166,HOSPITAL GERAL DE BELEM,,
167167,53 BATALHAO DE INFANTARIA DE SELVA,,
167168,HOSPITAL DA GUARNICAO DE MARABA,,
167169,52 BATALHAO DE INFANTARIA DE SELVA,,
167170,COMANDO 23 BRIGADA DE INFANTARIA DE SELVA,,
167171,8 BATALHAO DE ENGENHARIA DE CONSTRUCAO,,
167172,16 REGIMENTO DE CAVALARIA MECANIZADO,,
167173,31 BATALHAO DE INFANTARIA MOTORIZADO,,
167174,15 BATALHAO DE INFANTARIA MOTORIZADO,,
167175,23 CIRCUNSCRICAO DE SERVICO MILITAR,,
167177,71 BATALHAO DE INFANTARIA MOTORIZADO,,
167178,14 BATALHAO DE INFANTARIA MOTORIZADO,,
167180,4 BATALHAO DE POLICIA DO EXERCITO,,
167181,7 GRUPO DE ARTILHARIA DE CAMPANHA,,
167183,72 BATALHAO DE INFANTARIA MOTORIZADO,,
167184,10 ESQUADRAO DE CAVALARIA MECANIZADO,,
167185,14 BATALHAO LOGISTICO,,
167187,21 CIRCUNSCRICAO DE SERVICO MILITAR,,
167188,4 BATALHAO DE COMUNICACOES DO EXERCITO,,
167189,7  INSPETORIA DE CONTABILIDADE E FINANCAS,,
167193,COMANDO 10 BRIGADA DE INFANTARIA MOTORIZADA,,
167194,COMANDO 7 REGIAO MILITAR/7 DIV DE EXERCITO,,
167198,7.DEPOSITO DE SUPRIMENTO,,
167200,PARQUE REGIONAL DE MANUTENCAO/7,,
167201,COMISSAO REGIONAL DE OBRAS/7,,
167202,3 BATALHAO DE ENGENHARIA DE CONSTRUCAO,,
167203,2 BATALHAO DE ENGENHARIA DE CONSTRUCAO,,
167204,25 BATALHAO DE CACADORES,,
167205,26 CIRCUNSCRICAO DE SERVICO MILITAR,,
167206,30 BATALHAO DE INFANTARIA MOTORIZADO,,
167208,33 BATALHAO DE INFANTARIA MOTORIZADO,,
167209,COMANDO 15 BRIGADA DE INFANTARIA MOTORIZADA,,
167211,20 BATALHAO DE INFANTARIA BLINDADO,,
167212,27 BATALHAO LOGISTICO,,
167213,5 BATALHAO LOGISTICO,,
167214,5 COMPANHIA DE COMUNICACOES BLINDADA,,
167216,5 ESQUADRAO DE CAVALARIA MECANIZADA,,
167219,COMANDO 5 REGIAO MILITAR/5 DIVISAO  EXERCITO,,
167220,COMISSAO REGIONAL DE OBRAS/5,,
167222,5. BATALHAO DE SUPRIMENTO,,
167224,PARQUE REGIONAL DE MANUTENCAO/5,,
167226,34 BATALHAO DE INFANTARIA MOTORIZADO,,
167227,15ª COMPANHIA DE INFANTARIA MOTORIZADA,,
167228,26 GRUPO DE ARTILHARIA DE CAMPANHA,,
167229,15 GRUPO DE ART.DE CAMP.AUTOPROPULSADO-15 GAC,,
167230,15 COMPANHIA DE ENGENHARIA DE COMBATE,,
167232,13 BATALHAO DE INFANTARIA BLINDADO,,
167234,5 REGIMENTO DE CARROS DE COMBATE,,
167236,56 BATALHAO DE INFANTARIA,,
167237,CENTRO DE AVALIAÇÃO DO EXERCITO,,
167238,BASE DE APOIO LOGÍSTICO DO EXÉRCITO,,
167239,CENTRO DE RECUPERACAO DE ITATIAIA,,
167240,9ª BATERIA  DE ARTILHARIA ANTIAEREA,,
167241,ODONTOCLINICA CENTRAL DO EXÉRCITO,,
167244,COMANDO DE ARTILHARIA DIVISIONARIA DA 1 DE,,
167245,POLICLINICA MILITAR DE NITEROI,,
167246,DEPOSITO CENTRAL DE MUNICAO,,
167247,32 BATALHAO DE INFANTARIA MOTORIZADO,,
167249,ACADEMIA MILITAR DAS AGULHAS NEGRAS,,
167250,1 BATALHAO DE COMUNICACOES DIVISIONARIO,,
167252,BATALHAO ESCOLA DE ENGENHARIA,,
167253,1 BATALHAO DE GUARDA,,
167259,1 GRUPO DE ARTILHARIA ANTIAEREA,,
167261,1 INSPETORIA DE CONTABILIDADE E FINANCAS,,
167262,1 REGIMENTO DE CARROS DE COMBATE,,
167263,11 GRUPO DE ARTILHARIA DE CAMPANHA,,
167264,111 COMPANHIA DE APOIO DE MATERIAL BELICO,,
167268,2 CIRCUNSCRICAO DE SERVICO MILITAR,,
167270,2º REGIMENTO DE CAVALARIA DE GUARDAS,,
167272,21 GRUPO DE ARTILHARIA CAMPANHA,,
167278,5 DIVISAO DE LEVANTAMENTO,,
167283,PREFEITURA MILITAR DA ZONA SUL,,
167285,ARSENAL DE GUERRA DO RIO,,
167287,BIBLIOTECA DO EXERCITO,,
167288,CAMPO DE INSTRUCAO DE GERICINO,,
167289,CENTRO DE EST.DE PES.R FORTE DUQUE DE CAXIAS,,
167291,CENTRO TECNOLOGICO DO EXERCITO,,
167293,CMDO DA 1 BRIG.DE ARTILHARIA ANTI-AEREA,,
167295,CMDO GRUPAMENTO UNID.ESCOLA/9ª BDA INF MTZ,,
167297,COMANDO DA 1   DIVISAO DE  EXERCITO,,
167298,COMANDO DA 1 REGIAO MILITAR,,
167299,COMANDO DO COMANDO MILITAR DO LESTE,,
167301,COMISSAO REGIONAL DE OBRAS/1,,
167303,BASE DE ADMINISTRAÇÃO E APOIO DA 1 RM,,
167304,DEPOSITO CENTRAL DE ARMAMENTO,,
167311,ESCOLA DE APERFEICOAMENTO DE OFICIAIS,,
167313,ESCOLA DE CMDO E ESTADO-MAIOR DO EXERCITO,,
167315,CENTRO DE CAP.FISIC DO EXERC.E FORT.SAO JOAO,,
167317,ESCOLA DE INSTRUCAO ESPECIALIZADA,,
167318,ESCOLA DE SARGENTOS DE LOGISTICA,,
167319,ESCOLA DE SAUDE DO EXERCITO,,
167321,ESTABELECIMENTO CENTRAL DE TRANSPORTE,,
167322,HOSPITAL CENTRAL DO EXERCITO,,
167324,INSTITUTO DE BIOLOGIA DO EXERCITO,,
167327,INSTITUTO MILITAR DE ENGENHARIA,,
167328,LABORATORIO QUIMICO FARMACEUTICO DO EXERCITO,,
167329,PARQUE REGIONAL DE MANUTENÇAO 1A REG. MILITAR,,
167332,POLICLINICA MILITAR DA PRAIA VERMELHA,,
167338,1 ESQUADRAO DE CAVALARIA LEVE,,
167339,1 BATALHAO DE ENGENHARIA DE CONSTRUCAO,,
167340,16 BATALHAO DE INFANTARIA MOTORIZADO,,
167341,17 GRUPO DE ARTILHARIA DE CAMPANHA,,
167342,24 CIRCUNSCRICAO DE SERVICO MILITAR,,
167343,7 BATALHAO DE ENGENHARIA DE COMBATE,,
167344,COMANDO 7 BRIGADA DE INFANTARIA MOTORIZADA,,
167345,HOSPITAL DE GUARNICAO DE NATAL,,
167347,31 CIRCUNSCRICAO DE SERVICO MILITAR,,
167349,COMANDO DA 17 BRIGADA DE INFANTARIA DE SELVA,,
167350,17A BASE LOGISTICA,,
167354,10 BATALHAO LOGISTICO,,
167355,10 CIRCUNSCRICAO DE SERVICO MILITAR,,
167356,12º BATALHAO DE ENGENHARIA DE COMB.BLINDADO,,
167357,12 COMPANHIA DE COMUNICACOES  MECANIZADA,,
167358,6 REGIMENTO DE CAVALARIA BLINDADO,,
167359,HOSPITAL DA GUARNICAO DE ALEGRETE,,
167360,6 BATALHAO DE COMUNICACAO DIVISIONARIO,,
167361,25 GRUPO DE ARTILHARIA DE CAMPANHA,,
167362,3 BATALHAO LOGISTICO,,
167363,3 REGIMENTO DE CAVALARIA MECANIZADO,,
167364,COMANDO 3 BRIGADA DE CAVALARIA MECANIZADA,,
167365,HOSPITAL DE GUARNICAO DE BAGE,,
167366,13 GRUPO DE ARTILHARIA DE CAMPANHA,,
167367,3 BATALHAO DE ENGENHARIA DE COMBATE,,
167368,3 BATALHAO DE SUPRIMENTO,,
167369,3 GRUPO DE ARTILHARIA ANTIAEREA,,
167371,29 GRUPO DE ARTILHARIA DE C.AUTO PROPULSADO,,
167372,COMANDO DE ARTILHARIA DIVISIONARIA/3,,
167374,ARSENAL DE GUERRA GENERAL CAMARA,,
167375,27 GRUPO DE ARTILHARIA DE CAMPANHA,,
167376,1 REGIMENTO DE CAVALARIA MECANIZADO,,
167377,8 ESQUADRAO DE CAVALARIA MECANIZADO,,
167378,16. ESQUADRAO DE CAVALARIA MECANIZADA,,
167379,9 BATALHAO DE INFANTARIA MOTORIZADO,,
167380,COMANDO 8 BRIGADA DE INFANTARIA MOTORIZADA,,
167382,1 DIVISAO DE LEVANTAMENTO,,
167383,12 REGIMENTO DE CAVALARIA MECANIZADO,,
167384,18 BATALHAO DE INFANTARIA MOTORIZADO,,
167385,3 BATALHAO DE COMUNICACOES DO EXERCITO,,
167386,3 BATALHAO DE POLICIA DO EXERCITO,,
167388,3 REGIMENTO DE CAVALARIA DE GUARDA,,
167389,8 BATALHAO LOGISTICO,,
167392,CMDO DA 3 REGIAO MILITAR,,
167395,COMANDO DO COMANDO MILITAR DO SUL,,
167396,COMISSAO REGIONAL DE OBRAS/3,,
167401,5 REGIMENTO DE CAVALARIA MECANIZADO,,
167402,6 BATALHAO DE ENGENHARIA DE COMBATE,,
167403,6 GRUPO DE ARTILHARIA DE CAMPANHA,,
167404,4 REGIMENTO DE CARRROS DE COMBATE,,
167406,13 COMPANHIA DEPOSITO ARMAMENTO E MUNICAO,,
167410,4 BATALHAO LOGISTICO,,
167411,7 BATALHAO DE INFANTARIA BLINDADO,,
167413,CMDO 3 DIVISAO DE EXERCITO,,
167414,COMANDO 6 BRIGADA DE INFANTARIA BLINDADA,,
167415,DEPOSITO DE SUBSISTENCIA SANTA MARIA,,
167416,HOSPITAL DE GUARNICAO DE SANTA MARIA,,
167417,PARQUE REGIONAL DE MANUTENCAO/3,,
167418,19 REGIMENTO DE CAVALARIA MECANIZADO,,
167420,19 GRUPO DE ARTILHARIA DE CAMPANHA,,
167421,9 BATALHAO LOGISTICO,,
167422,COMANDO 1 BRIGADA DE CAVALARIA MECANIZADA,,
167423,HOSPITAL DE GUARNICAO DE SANTIAGO,,
167428,2 REGIMENTO DE CAVALARIA MECANIZADO,,
167429,13 COMPANHIA DE COMUNICACOES MECANIZADA,,
167430,9 REGIMENTO DE CAVALARIA BLINDADO,,
167431,4 REGIMENTO DE CAVALARIA BLINDADO,,
167432,16 GRUPO DE ARTILHARIA DE CAMP.AUTOPROPULSADO,,
167433,19 BATALHAO DE INFANTARIA MOTORIZADO,,
167434,2 BATERIA DE ARTILHARIA ANTIAEREA,,
167435,7 REGIMENTO DE CAVALARIA MECANIZADO,,
167436,22 GRUPO DE ARTILHARIA DE CAMP AUTOPROPULSADO,,
167437,8 REGIMENTO DE CAVALARIA MECANIZADO,,
167438,COMANDO 2 BRIGADA DE CAVALARIA MECANIZADA,,
167440,23 BATALHAO DE INFANTARIA,,
167441,28 GRUPO DE ARTILHARIA DE CAMPANHA,,
167443,63 BATALHAO DE INFANTARIA,,
167444,COMANDO 14 BRIGADA INFANTARIA MOTORIZADA,,
167446,62 BATALHAO DE INFANTARIA,,
167447,10 BATALHAO DE ENGENHARIA DE CONSTRUCAO,,
167448,5º BATALHAO DE ENGENHARIA DE COMBATE BLINDADO,,
167450,14 REGIMENTO DE CAVALARIA MECANIZADO,,
167453,19 CIRCUNSCRICAO DE SERVICO MILITAR,,
167454,28 BATALHAO DE CACADORES,,
167455,20 GRUPO DE ARTILHARIA DE CAMPANHA,,
167456,22 BATALHAO LOGISTICO LEVE,,
167457,BASE DE ADMINISTRACAO E APOIO DO IBIRAPUERA,,
167460,6 CIRCUNSCRICAO DE SERVICO MILITAR,,
167462,COMANDO DA 12 BRIG.DE INFANT.LEVE (AEROMOVEL),,
167466,COMANDO 11 BRIGADA INFANTARIA LEVE (GLO),,
167469,2º GRUPO DE ARTILHARIA DE CAMPANHA LEVE,,
167470,12 GRUPO DE ARTILHARIA DE CAMPANHA,,
167471,37º BATALHAO DE INFANTARIA LEVE,,
167472,5 BATALHAO DE INFANTARIA LEVE - 5 B I L,,
167473,2 GRUPO DE ARTILHARIA ANTIAEREA,,
167474,4 BATALHAO  DE INFANTARIA LEVE,,
167476,22.DEPOSITO DE SUPRIMENTO,,
167477,2 BATALHAO DE ENGENHARIA DE COMBATE,,
167478,13º REGIMENTO DE CAVALARIA MECANIZADO,,
167479,6 GRUPO DE LANCADORES MULTIPLOS DE FOG/CIF,,
167480,5 CIRCUNSCRICAO DE SERVICO MILITAR,,
167482,COMANDO/1A BRIGADA DE INFANTARIA DE SELVA,,
167484,2 BATALHAO DE POLICIA DO EXERCITO,,
167485,4 CIRCUNSCRICAO DE SERVICO MILITAR,,
167488,COMANDO DA 2  REGIAO MILITAR,,
167491,COMISSAO REGIONAL DE OBRAS/2,,
167494,21.DEPOSITO DE SUPRIMENTO,,
167498,2º BATALHAO DE INFANTARIA LEVE,,
167499,14 CIRCUNSCRICAO DE SERVICO MILITAR,,
167501,MUSEU HISTORICO DO EXERCITO FORTE COPACABANA,,
167512,20 REGIMENTO DE CAVALARIA BLINDADO,,
167513,PARQUE REGIONAL DE MANUTENCAO DA 9 REG.MILITA,,
167514,COUDELARIA DE RINCAO,,
167515,COMANDO DA 2A BRIGADA DE INFANTARIA DE SELVA,,
167517,3 COMPANHIA DO 63 BATALHAO DE INFANTARIA,,
167518,BASE DE AVIACAO DE TAUBATE,,
167520,23 BATALHAO LOGISTICO DE SELVA,,
167521,2A COMPANHIA DE INFANTARIA,,
167522,28 BATALHAO LOGISITICO,,
167523,CENTRO DE PREP. DE OFICIAIS DA RESERVA DE BH,,
167524,15 BATALHAO LOGISTICO,,
167525,ESCOLA DE FORMACAO COMPLEMENTAR DO EXERCITO,,
167526,3 COMPANHIA DE ENGENHARIA DE COMB. MECANIZADO,,
167528,BASE ADMINISTRATIVA DO C COM G E EX,,
167530,COMANDO DO COMANDO MILITAR DO OESTE,,
167531,ESCOLA DE APERFEICOAMENTO DE SARGENTOS,,
167536,61. BATALHAO DE INFANTARIA DE SELVA,,
167537,COMANDO DA 16A BRIGADA DE INFANTARIA DE SELVA,,
167545,HOSPITAL DE GUARN. DE S. GABRIEL DA CACHOEIRA,,
167547,22 BATALHAO DE INFANTARIA,,
168003,INDUSTRIA DE MATERIAL BELICO DO BRASIL - SEDE,,
168004,INDUSTRIA DE MATERIAL BELICO DO BRASIL/FPV,,
168005,INDUSTRIA DE MATERIAL BELICO DO BRASIL/FI,,
168006,INDUSTRIA DE MATERIAL BELICO DO BRASIL/FJF,,
168007,INDUSTRIA DE MATERIAL BELICO DO BRASIL/FMCE,,
168008,INDUSTRIA DE MATERIAL BELICO DO BRASIL/FE,,
170007,COORD.-GERAL DE DESENVOL.INSTITUCIONAL-CODIN/,,
170008,PROCURADORIA GERAL DA FAZENDA NACIONAL,,
170009,ESCOLA DE ADMINISTRACAO FAZENDARIA,,
170010,SECRETARIA DA RECEITA FEDERAL DO BRASIL-RFB,,
170018,SUPERITENDENCIA REGIONAL DA RFB NA 1A RF,,
170022,ALFANDEGA DA RFB PORTO DE BELEM,,
170028,DELEGACIA DA RFB EM SAO LUIS,,
170030,DELEGACIA DA RFB EM IMPERATRIZ,,
170035,DELEGACIA DA RFB EM TERESINA,,
170040,SUPERINTENDENCIA REGIONAL DA RFB NA 3A RF,,
170042,DELEGACIA DA RFB EM JUAZEIRO DO NORTE,,
170047,DELEGACIA DA RFB EM NATAL,,
170052,DELEGACIA DA RFB EM JOAO PESSOA,,
170058,SUPERINTENDENCIA REGIONAL DA RFB NA 4A RF,,
170060,DELEGACIA DA RFB EM CARUARU,,
170066,DELEGACIA DA RFB EM MACEIO,,
170072,DELEGACIA DA RFB EM ARACAJU,,
170078,SUPERINTENDENCIA REGIONAL DA RFB NA 5A RF,,
170080,DELEGACIA DA RFB EM FEIRA DE SANTANA,,
170081,DELEGACIA DA RFB EM VITORIA DA CONQUISTA,,
170088,SUPERINTENDENCIA REGIONAL DA RFB NA 6A RF,,
170089,DELEGACIA DA RFB EM BELO HORIZONTE,,
170091,DELEGACIA DA RFB EM GOVERNADOR VALADARES,,
170092,DELEGACIA DA RFB EM JUIZ DE FORA,,
170093,DELEGACIA DA RFB EM UBERABA,,
170094,DELEGACIA DA RFB EM VARGINHA,,
170095,DELEGACIA DA RFB EM DIVINOPOLIS,,
170096,DELEGACIA DA RFB EM MONTES CLAROS,,
170097,DELEGACIA DA RFB EM UBERLANDIA,,
170102,ALFANDEGA DA RFB PORTO DE VITORIA,,
170103,DELEGACIA DA RFB EM VITORIA,,
170109,DELEGACIA DA RFB EM CAMPO GRANDE,,
170110,INSPETORIA DA RFB EM CORUMBA,,
170111,INSPETORIA DA RFB EM PONTA PORA,,
170116,SUPERINTENDENCIA REGIONAL DA RFB NA 7A RF,,
170119,DELEGACIA DA RFB EM VOLTA REDONDA,,
170120,DELEGACIA DA RFB EM CAMPOS GOYTACAZES,,
170121,DELEGACIA DA RFB EM NITEROI,,
170122,DELEGACIA DA RFB EM NOVA IGUACU,,
170125,ALFANDEGA DA RFB AEROP.INTERNAC. RIO JANEIRO,,
170133,SUPERINTENDENCIA REGIONAL DA RFB NA 8A RF,,
170134,DELEGACIA DA RFB EM ARACATUBA,,
170135,DELEGACIA DA RFB EM BAURU,,
170136,DELEGACIA DA RFB EM CAMPINAS,,
170137,DELEGACIA DA RFB EM PRESIDENTE PRUDENTE,,
170138,DELEGACIA DA RFB EM RIBEIRAO PRETO,,
170139,DELEGACIA DA RFB EM S.JOSE DO RIO PRETO,,
170141,DELEGACIA DA RFB EM SANTOS,,
170142,DELEGACIA DA RFB EM SOROCABA,,
170143,DELEGACIA DA RFB EM TAUBATE,,
170144,DELEGACIA DA RFB EM GUARULHOS,,
170145,DELEGACIA DA RFB EM LIMEIRA,,
170147,DELEGACIA DA RFB EM SANTO ANDRE,,
170150,ALFANDEGA DA RFB AEROP.INTERNAC.DE GUARULHOS,,
170156,SUPERINTENDENCIA REGIONAL DA RFB NA 9A RF,,
170157,DELEGACIA DA RFB EM CASCAVEL,,
170159,DELEGACIA DA RFB EM LONDRINA,,
170160,DELEGACIA DA RFB EM PONTA GROSSA,,
170161,DELEGACIA DA RFB EM MARINGA,,
170162,DELEGACIA DA RFB EM FOZ DO IGUACU,,
170168,ALFANDEGA DA RFB PORTO DE SANTOS,,
170170,DELEGACIA DA RFB EM JOACABA,,
170171,DELEGACIA DA RFB EM JOINVILLE,,
170172,ALFANDEGA DA RFB PORTO DE ITAJAI,,
170177,SUPERINTENDENCIA REGIONAL DA RFB NA 10A RF,,
170178,DELEGACIA DA RFB EM CAXIAS DO SUL,,
170179,DELEGACIA DA RFB EM PASSO FUNDO,,
170180,DELEGACIA DA RFB EM PELOTAS,,
170182,ALFANDEGA DA RFB PORTO DE RIO GRANDE,,
170183,DELEGACIA DA RFB EM SANTA MARIA,,
170184,DELEGACIA DA RFB EM NOVO HAMBURGO,,
170185,DELEGACIA DA RFB EM SANTO ANGELO,,
170186,DELEGACIA DA RFB EM URUGUAIANA,,
170187,INSPETORIA DA RFB EM SANTANA DO LIVRAMENTO,,
170192,DELEGACIA DA RFB EM CUIABA,,
170217,SUPERINTENDENCIA REGIONAL DA RFB NA 2A RF,,
170218,DELEGACIA DA RFB EM BELEM,,
170219,DELEGACIA DA RFB EM SANTAREM,,
170227,INSPETORIA DA RFB EM BELO HORIZONTE,,
170247,INSPETORIA DA RFB EM MUNDO NOVO,,
170248,DELEGACIA DA RFB EM CONTAGEM,,
170250,SECRETARIA DE POLITICA ECONOMICA,,
170259,INSPETORIA DA RFB EM SÃO PAULO,,
170261,DELEGACIA DA RFB EM S.BERNARDO DO CAMPO,,
170262,DELEGACIA DA RFB EM S.JOSE DOS CAMPOS,,
170263,DELEGACIA DA RFB EM SANTA CRUZ DO SUL,,
170270,INSPETORIA DA RFB EM CHUI,,
170287,DELEGACIA DA RFB EM MARILIA,,
170290,DELEGACIA DA RFB JULGAMENTO EM CAMPO GRANDE,,
170291,DELEGACIA DA RFB JULGAMENTO EM BELEM,,
170301,DELEGACIA DA RFB JULGAMENTO EM CAMPINAS,,
170307,DELEGACIA DA RFB JULGAMENTO EM RIBERAO PRETO,,
170314,DELEGACIA DA RFB EM BLUMENAU,,
170315,DELEGACIA DA RFB EM LAGES,,
170317,ALFANDEGA DA RFB PORTO DE ITAGUAI,,
170318,DELEGACIA DA RFB EM JUNDIAI,,
170321,DELEGACIA DA RFB EM PIRACICABA,,
170322,DELEGACIA DA RFB EM ARARAQUARA,,
170323,DELEGACIA DA RFB EM FRANCA,,
170324,DELEGACIA DA RFB EM CORONEL FABRICIANO,,
170325,DELEGACIA DA RFB EM POCOS DE CALDAS,,
170327,DELEGACIA DA RFB EM ITABUNA,,
170328,DELEGACIA DA RFB EM SETE LAGOAS,,
170330,DELEGACIA DA RFB EM SOBRAL,,
170333,ALFANDEGA DA RFB AEROP.INTERNAC.EDUARDO GOMES,,
170334,DELEGACIA DA RFB EM MARABA,,
170335,DELEGACIA DA RFB EM MOSSORO,,
170337,DELEGACIA DA RFB EM FLORIANO,,
170338,DELEGACIA DA RFB EM CAMPINA GRANDE,,
170385,DELEGACIA DA RFB DE FISCALIZAÇÃO EM SÃO PAULO,,
170386,DELEGACIA DA RFB EM MACAE,,
170387,ALFANDEGA DA RFB AEROP.INTERNAC.PINTO MARTINS,,
170388,DELEGACIA DA RFB EM DOURADOS,,
170389,ALFANDEGA DA RFB PORTO DE SÃO FRANC.DO SUL,,
170479,CONSELHO ADMINISTRATIVO DE RECURSOS FISCAIS,,
170485,DEPARTAMENTO DE SAÚDE E ASSIST. DE PESSOAL,,
170494,DELEG. ESPECIAL RFB DE MAIORES CONTRIBUINTES,,
170495,FCDF - CBMDF - ASSISTENCIA MEDICA,,
170532,ALFANDEGA DA RFB NO PORTO DE PECEM,,
170551,DELEGACIA DA RFB EM BARUERI,,
173030,COMISSAO DE VALORES MOBILIARIOS,,
173057,BANCO CENTRAL DO BRASIL,,
175004,CAIXA ECONOMICA FEDERAL - PROGRAMAS SOCIAIS,,
180002,DEPARTAMENTO DE GESTÃO INTERNA,,
180006,CEF/MINISTERIO DO ESPORTE,,
183023,INSTITUTO NAC.DE METROLOG. QUALID. E TECNOLOG,,
183025,SUPERINTENDENCIA DO INMETRO NO ESTADO DE GOIA,,
183038,INSTITUTO NACIONAL DA PROPRIEDADE INDUSTRIAL,,
183044,ESCRITÓRIO DE DIFUSÃO REGIONAL NORDESTE,,
185001,INSTITUTO BRASILEIRO DE TURISMO,,
193002,DEPARTAMENTO NACIONAL DE OBRAS CONT.AS SECAS,,
193099,IBAMA - COORDENACAO-GERAL DE FINANCAS - CGFIN,,
194005,COORDENAÇÃO REGIONAL ALTO PURUS,,
194151,FUNAI-DIRETORIA DE PROTEÇÃO TERRITORIAL,,
194152,FUNAI-DIRETORIA DE PROM. AO DESENV. SUSTENT.,,
195001,CIA DE DESENV.DOS VALES DO S.FRANC.E PARNAIBA,,
195002,CIA DE DESENV.DOS VALES DO S.FRANC.E PARNAIBA,,
195003,CIA DE DESENV.DOS VALES DO S.FRANC.E PARNAIBA,,
195004,CIA DE DESENV.DOS VALES DO S.FRANC.E PARNAIBA,,
195005,CIA DE DESENV.DOS VALES DO S.FRANC.E PARNAIBA,,
195006,CIA DE DESENV.DOS VALES DO S.FRANC.E PARNAIBA,,
195011,CIA DE DESENV.DOS VALES DO S.FRANC.E PARNAIBA,,
195012,CIA DE DESENV.DOS VALES DO S.FRANC.E PARNAIBA,,
195015,CIA DE DESENV.DOS VALES DO S.FRANC.E PARNAIBA,,
200005,COORDENACAO-GERAL DE LOGISTICA-CGL,,
200045,PROCURADORIA REGIONAL DA REPUBLICA-2A.REGIAO,,
200100,SECRETARIA DE ADMINISTRACAO MIN. PUBLICO FED.,,
200108,PROCURADORIA REGIONAL DO TRABALHO-18A.REGIAO,,
200109,DEPTO.DE POLICIA RODOVIARIA FEDERAL,,
200111,19A.SUPERINTEND.DE POLICIA RODOVIARIA FEDERAL,,
200112,16A.SUPERINTEND.DE POLICIA RODOVIARIA FEDERAL,,
200113,11A.SUPERINTEND.DE POLICIA RODOVIARIA FEDERAL,,
200114,10A.SUPERINTEND.DE POLICIA RODOVIARIA FEDERAL,,
200115,4A.SUPERINTEND.DE POLICIA RODOVIARIA FEDERAL,,
200116,5A.SUPERINTEND.DE POLICIA RODOVIARIA FEDERAL,,
200117,6A.SUPERINTEND.DE POLICIA RODOVIARIA FEDERAL,,
200118,7A.SUPERINTEND.DE POLICIA RODOVIARIA FEDERAL,,
200119,9A.SUPERINTEND.DE POLICIA RODOVIARIA FEDERAL,,
200120,2A.SUPERINTEND.DE POLICIA RODOVIARIA FEDERAL,,
200121,1A.SUPERINTEND.DE POLICIA RODOVIARIA FEDERAL,,
200122,14A.SUPERINTEND.DE POLICIA RODOVIARIA FEDERAL,,
200123,15A.SUPERINTEND.DE POLICIA RODOVIARIA FEDERAL,,
200124,18A.SUPERINTEND.DE POLICIA RODOVIARIA FEDERAL,,
200125,8A.SUPERINTEND.DE POLICIA RODOVIARIA FEDERAL,,
200126,12A.SUPERINTEND.DE POLICIA RODOVIARIA FEDERAL,,
200127,17A.SUPERINTEND.DE POLICIA RODOVIARIA FEDERAL,,
200128,3A.SUPERINTEND.DE POLICIA RODOVIARIA FEDERAL,,
200129,13A.SUPERINTEND.DE POLICIA RODOVIARIA FEDERAL,,
200131,21A.SUPERINTEND.DE POLICIA RODOVIARIA FEDERAL,,
200140,DEFENSORIA PUBLICA DA UNIAO,,
200200,DEPARTAMENTO DE ADM.DA PROC.GERAL DO TRABALHO,,
200202,PROCURADORIA REGIONAL DO TRABALHO-19A.REGIAO,,
200203,PROCURADORIA REGIONAL DO TRABALHO 20A.REGIAO,,
200204,PROCURADORIA REGIONAL DA REPUBLICA 3A.REGIAO,,
200207,PROCURADORIA REGIONAL DA REPUBLICA-5A.REGIAO,,
200208,PROCURADORIA REGIONAL DA REPUBLICA-1A. REGIAO,,
200232,5. DISTRITO REGIONAL DO DPRF,,
200233,4.DISTRITO REGIONAL DO DPRF,,
200234,ESCOLA SUPERIOR DO MINIST. PUBLICO DA UNIAO,,
200242,FORÇA NACIONAL DE SEGURANÇA PÚBLICA,,
200244,CAIXA ECONOMICA FEDERAL - ANCINE,,
200246,FUNDO NACIONAL ANTIDROGAS,,
200248,SECRETARIA EXTRAORD. DE SEG.P/GRANDES EVENTOS,,
200321,CEF - DEPARTAMENTO PENITENCIARIO NACIONAL-MJ,,
200323,DEPEN/DIRETORIA DO SISTEMA PENITENC. FEDERAL,,
200324,DEPEN/DIRETORIA DE POLITICAS PENITENCIARIAS,,
200329,CEF - SENASP/MJ,,
200330,SECRETARIA NACIONAL DE SEG. PÚBLICA - SENASP,,
200331,SECRETARIA NACIONAL DE SEGURANCA PUBLICA,,
200333,DEPARTAMENTO PENITENCIARIO NACIONAL,,
200334,COORDENACAO DE ADMINISTRACAO-COAD/DLOG/DPF,,
200340,ACADEMIA NACIONAL DE POLICIA,,
200342,COORDENACAO DE TECNOLOGIA DA INFORMACAO,,
200362,DELEGACIA DE POLICIA FEDERAL EM SANTOS,,
200366,DELEGACIA DE POLICIA FEDERAL EM FOZ DO IGUAÇU,,
200368,DELEGACIA DE POLICIA FEDERAL EM LONDRINA,,
200400,SECRETARIA NACIONAL DO CONSUMIDOR - SENACON,,
200401,SECRETARIA NACIONAL DO CONSUMIDOR - SENACON,,
200406,DIRETORIA TECNICO-CIENTIFICA-DITEC/DPF,,
200416,DELEGACIA DE POLICIA FEDERAL EM CAMPINAS,,
201013,COORDENACAO DE EXECUCAO ORC. E FINANCEIRA,,
201046,PROG.DE MODER.DE INSTR. SIST.DE GESTAO DA APF,,
203001,AGENCIA ESPACIAL BRASILEIRA/AEB,,
203003,AGENCIA NACIONAL DO CINEMA,,
238012,SECRETARIA DE POLIT. DE PROM.DA IGUALD.RACIAL,,
240001,1A.COMISSAO BRASILEIRA DEMARCADORA DE LIMITES,,
240002,2A.COMISSAO BRASILEIRA DEMARCADORA DE LIMITES,,
240010,DEPARTAMENTO DE COMUNICACAO E DOCUMENTACAO,,
240013,DIVISAO DE SERVICOS GERAIS - MRE,,
240016,INSTITUTO RIO-BRANCO,,
240017,ESCRITORIO FINANCEIRO EM NOVA IORQUE,,
240025,AGENCIA BRASILEIRA DE COOPERACAO - ABC,,
240027,ESCRITORIO DE REPRES. NA REG.NORDESTE-ERENE,,
240034,EMBAIXADA DO BRASIL EM TOQUIO,,
240035,EMBAIXADA DO BRASIL EM LONDRES,,
240036,EMBAIXADA DO BRASIL EM PRETORIA,,
240037,EMBAIXADA DO BRASIL BUENOS AIRES,,
240038,CONSULADO GERAL EM NOVA IORQUE,,
240043,CONSULADO-GERAL EM BUENOS AIRES,,
240044,CONSULADO-GERAL DO BRASIL EM MIAMI,,
240045,CONSULADO-GERAL DO BRASIL EM TÓQUIO,,
240046,EMBAIXADA DO BRASIL EM SANTIAGO,,
240047,CONSULADO-GERAL EM LONDRES,,
240050,CONSULADO DO BRASIL EM HOUSTON,,
240052,CONSULADO-GERAL EM CHICAGO,,
240053,CONSULADO-GERAL DO BRASIL EM BOSTON,,
240054,CONSULADO-GERAL DO BRASIL EM SAO FRANCISCO,,
240055,ESCRITORIO FINANCEIRO EM NEW YORK,,
240056,EMBAIXADA DO BRASIL EM MADRI,,
240057,CONSULADO GERAL DO BRASIL EM MADRI,,
240060,EMBAIXADA DO BRASIL NA HAIA,,
240061,EMBAIXADA DO BRASIL EM BRUXELAS,,
240062,CONSULADO-GERAL DO BRASIL EM BARCELONA,,
240063,DELEGAÇÃO - BRASIL JUNTO A UNIÃO EUROPEIA-MRE,,
240064,EMBAIXADA DO BRASIL EM OTTAWA,,
240065,MISSÃO DO BRASIL JUNTO A OEA - WASHINGTON-MRE,,
240066,CONSULADO-GERAL DO BRASIL EM ATLANTA,,
240067,CONSULADO-GERAL DO BRASIL EM LOS ANGELES,,
240068,CONSULADO-GERAL DO BRASIL EM ROTERDÃ,,
240070,CONSULADO-GERAL DO BRASIL EM BRUXELAS,,
240073,CONSULADO-GERAL EM NAGOIA,,
240075,EMBAIXADA DO BRASIL EM PARIS,,
240077,CONSULADO-GERAL DO BRASIL EM ROMA,,
240078,CONSULADO-GERAL DO BRASIL EM WASHINGTON,,
240079,REPRESENTACAO DO BRASIL/MRE JUNTO À FAO,,
240080,EMBAIXADA DO BRASIL EM ASSUNCAO,,
240082,EMBAIXADA DO BRASIL NO VATICANO,,
240083,CONSULADO-GERAL DO BRASIL EM ASSUNCAO,,
240084,ESCRITORIO DE REPRESENTACAO NO RIO G. DO SUL,,
240085,EMBAIXADA DO BRASIL EM ROMA,,
240086,CONSULADO-GERAL EM PARIS,,
240087,EMBAIXADA DO BRASIL EM WASHINGTON,,
240088,DELEGACAO DO BRASIL/MRE JUNTO À CPLP,,
240089,EMBAIXADA DO BRASIL EM LISBOA,,
240090,DELEGACAO DO BRASIL/MRE JUNTO À ONU,,
240091,EMBAIXADA DO BRASIL EM BERLIM,,
240092,EMBAIXADA DO BRASIL EM PRAGA,,
240093,EMBAIXADA DO BRASIL EM VARSÓVIA,,
240094,CONSULADO-GERAL DO BRASIL EM PORTO,,
240095,CONSULADO-GERAL DO BRASIL EM MUNIQUE,,
240096,CONSULADO-GERAL DO BRASIL EM MONTEVIDÉU,,
240097,CONSULADO-GERAL DO BRASIL EM FARO,,
240098,EMBAIXADA DO BRASIL EM MONTEVIDÉU,,
240099,DELEGAÇÃO DO BRASIL JUNTO À ALADI/ MERCOSUL,,
240100,REP.DO BRASIL JUNTO À DESARM EM GENEBRA,,
240101,COORDENACAO-GERAL DE RECURSOS LOGISTICOS,,
240104,INSTITUTO NACIONAL DE TECNOLOGIA - INT,,
240105,INSTIT.NACIONAL DE PESQUISA DA AMAZONIA - MCT,,
240106,INSTIT.NAC.DE PESQ.ESPACIAIS-S.J.CAMPOS - MCT,,
240107,INSTIT.NAC.DE PESQUISAS ESPACIAIS-NATAL - MCT,,
240108,INSTIT.NAC.PESQUISAS ESPACIAIS-C.PAULISTA-MCT,,
240114,INSTITUTO NACIONAL DO SEMIARIDO - INSA,,
240115,SECRETARIA DE DESENVOLV. TECNOLOG. E INOVACAO,,
240118,SECRETARIA DE CIENCIA E TECNOL.P/ INCL.SOCIAL,,
240120,CENTRO BRASILEIRO DE PESQUISAS FISICAS,,
240121,INST.BRAS.DE INFORM. EM CIENCIA E TECNOLOGIA,,
240123,LABORATORIO NACIONAL DE COMPUTACAO CIENTIFICA,,
240124,MUSEU DE ASTRONOMIA E CIENCIAS AFINS,,
240126,OBSERVATORIO NACIONAL,,
240127,CENTRO DE TECNOLOGIA MINERAL,,
240128,LABORATORIO NACIONAL DE ASTROFISICA,,
240129,CENTRO DE TECN. DA INF. RENATO ARCHER - CTI,,
240137,CENTRO DE TECNOLOGIAS ESTRATEG. DO NORDESTE,,
240140,REPRESENTACAO REGIONAL DO MCT NO NORDESTE,,
240213,CONSULADO-GERAL DO BRASIL EM GENEBRA,,
240214,DEL.DO BRASIL JUNTO À ORG.MUNDIAL DO COMÉRCIO,,
240215,CONSULADO-GERAL DO BRASIL EM ZURIQUE,,
240216,EMBAIXADA DO BRASIL NO MÉXICO,,
240217,EMBAIXADA DO BRASIL EM BOGOTÁ,,
240218,EMBAIXADA DO BRASIL EM BERNA,,
240220,DELEGAÇÃO PERMANENTE EM GENEBRA,,
240221,EMBAIXADA DO BRASIL EM BUDAPESTE,,
240222,CONSULADO -GERAL DO BRASIL NO MÉXICO,,
240223,EMBAIXADA DO BRASIL EM VIENA,,
240224,CENTRO NAC.DE MONIT.E ALERT.DE DESASTRES NATU,,
240901,FUNDO NAC.DE DESENV. CIENTIFICO E TECNOLOGICO,,
243001,INSTITUTO NAC.DE TECNOLOGIA DA INFORMACAO ITI,,
244001,FUNDACAO ALEXANDRE DE GUSMAO,,
245209,CENTRO NAC DE TECN ELETRONICA AVANCADA S/A,,
250005,DEPARTAMENTO DE LOGISTICA EM SAUDE - DLOG,,
250042,HOSPITAL FEDERAL DE BONSUCESSO,,
250057,INST. NACIONAL DE TRAUMATOLOGIA E ORTOPEDIA,,
250059,INSTITUTO NACIONAL DE CARDIOLOGIA,,
250061,HOSPITAL FEDERAL DOS SERVIDORES DO ESTADO,,
250103,HOSPITAL FEDERAL DE IPANEMA,,
250104,HOSPITAL FEDERAL CARDOSO FONTES,,
250105,HOSPITAL FEDERAL DA LAGOA,,
250106,HOSPITAL FEDERAL DO ANDARAI,,
250107,CEF-PROGRAMAS DO MINISTERIO DA SAUDE,,
250110,COORDENACAO-GERAL DE MATERIAL E PATRIMONIO,,
253002,AGENCIA NACIONAL DE VIGILANCIA SANITARIA,,
253003,AGENCIA NACIONAL DE SAUDE SUPLEMENTAR,,
254420,FUNDACAO OSWALDO CRUZ,,
254421,CENTRO DE PESQUISAS AGGEU MAGALHAES,,
254422,CENTRO DE PESQUISAS GONCALO MUNIZ,,
254423,CENTRO DE PESQUISAS RENE RACHOU,,
254445,INSTITUTO DE TECNOLOGIA EM IMUNOBIOLOGICOS,,
254446,INSTITUTO DE TECNOLOGIA EM FARMACOS,,
254447,INSTITUTO FERNANDES FIGUEIRA,,
254448,INSTITUTO NAC. DE CONTROLE E QUALID. EM SAUDE,,
254450,ESCOLA NAC. DE SAUDE PÚBLICA SÉRGIO AROUCA,,
254462,DIRETORIA DE ADMINISTRACAO DO CAMPUS-DIRAC,,
254463,INSTITUTO OSWALDO CRUZ,,
254474,CENTRO DE PESQUISA LEONIDAS MARIA DEANE,,
254488,CASA DE OSWALDO CRUZ,,
257001,DIRETORIA EXECUTIVA DO FUNDO NAC. DE SAUDE,,
257003,INSTITUTO EVANDRO CHAGAS,,
257005,CENTRO NACIONAL DE PRIMATAS,,
275057,CIA.BRASILEIRA DE TRENS URBANOS-STU/REC,,
275066,CIA.BRASILEIRA DE TRENS URBANOS-STU/NAT,,
275068,CIA.BRASILEIRA DE TRENS URBANOS-ADM.CENTRAL,,
275078,CIA.BRASILEIRA DE TRENS URBANOS-STU/MAC,,
275079,CIA.BRASILEIRA DE TRENS URBANOS-STU/JOP,,
277001,DEPARTAMENTO DO FUNDO DA MARINHA MERCANTE,,
280101,COORDENACAO-GERAL DE RECURSOS LOGISTICOS,,
303001,CONSELHO ADMINISTRATIVO DE DEFESA ECONOMICA,,
320004,COORDENACAO GERAL DE RECURSOS LOGISTICOS-CGRL,,
320013,SECRETARIA DE ENERGIA ELETRICA,,
320060,PROJETO META/SECRETARIA EXECUTIVA,,
323002,DEPARTAMENTO NAC. DE PRODUCAO MINERAL - SEDE,,
323028,AGENCIA NACIONAL DE ENERGIA ELETRICA,,
323030,AG. NAC.DO PETROLEO GAS NAT.E BIOCOM,,
323031,ESCRITORIO CENTRAL DA ANP,,
325001,EMPRESA DE PESQUISA ENERGETICA,,
330005,COORD.GERAL DE LOGÍSTICA E SERV. GERAIS MPS,,
330013,FUNDO NACIONAL DE ASSISTENCIA SOCIAL,,
333005,COORDENAÇÃO GERAL DE PATRIMONIO E LOGISTICA,,
340029,SEC. DA CIDADANIA E DA DIVERS. CULTURAL/FNC,,
340033,SECRETARIA DO AUDIOVISUAL/FNC,,
340034,SECRET. DE FOMENTO E INCENT. A CULTURA/FNC,,
340042,DIRET.DE PROG.ESPEC.DE INFRAESTRUT.CULTURAL,,
343026,IPHAN,,
343027,MUSEU DE BIOLOGIA MELLO LEITAO,,
343030,CENTRO NACIONAL DE FOLCLORE E CULTURA POPULAR,,
344001,FUNDACAO CASA DE RUI BARBOSA,,
344002,FUNDACAO JOAQUIM NABUCO,,
344041,FCP-FUNDACAO CULTURAL PALMARES,,
344042,FUNDAÇÃO BIBLIOTECA NACIONAL,,
364102,CONSELHO NAC DE DESENV CIENT E TECNOLOGICO,,
366003,HOSPITAL NOSSA SENHORA DA CONCEICAO S/A,,
373037,SUPERINTENDENCIA REGIONAL DE SANTAREM - SR-30,,
373042,PROJETO FUNDIARIO BACABAL,,
373046,SUPERINTEND.ESTADUAL DO R.G.NORTE-INCRA/SR-19,,
373050,SUPERINT.REGIONAL MEDIO SAO FRANCISCO-SR(29),,
373055,SUPERINTEND.ESTADUAL DE M.GERAIS-INCRA/SR-06,,
373057,SUPERINTEND.ESTADUAL DO E.SANTO-INCRA/SR-20,,
373058,SUPERINT.ESTADUAL DE M.G.DO SUL-INCRA/SR-16,,
373062,SUPERINTEND.ESTADUAL DO R.JANEIRO-INCRA/SR-07,,
373063,UNIDADE AVANCADA DE XINGU,,
373070,SUPERINT.ESTADUAL DE S.CATARINA-INCRA/SR-10,,
373072,SUPERINT.ESTADUAL DO R.G.DO SUL-INCRA/SR-11,,
373073,SUPERINTEND.ESTADUAL DE M.GROSSO-INCRA/SR-13,,
373075,PROJETO FUNDIARIO VALE DO ARAGUAIA,,
380001,SECRETARIA NACIONAL DE ECONOMIA SOLIDARIA,,
380018,COORDENACAO-GERAL DE REC. LOGISTICOS-CGRL/MTE,,
380908,SECRETARIA DE POLITICAS PUBLICAS DE EMPREGO,,
380918,COORDENACAO-GERAL DE REC. LOGISTICOS-CGRL/MTE,,
390004,COORDENACAO GERAL E RECURSOS LOGISTICOS,,
390015,REDE FERROVIARIA FEDERAL S.A- INVENTARIANCA,,
390022,DNIT-PREMEF-BIRD 7383,,
393001,AGENCIA NACIONAL DE TRANSPORTES TERRESTRES,,
393003,DEPART. NAC. DE INFRA-ESTRUTURA DE TRANSPORTE,,
393090,UNIDADE REGIONAL DO CEARÁ - ANTT,,
393091,UNIDADE REGIONAL DO MARANHÃO - ANTT,,
395001,EMPRESA DE PLANEJAMENTO E LOGISTICA S.A - EPL,,
403201,FUNDACAO NACIONAL DE ARTES,,
410003,COORDENACAO GERAL DE RECURSOS LOGISTICOS,,
410007,FUNDO P/O DESENV.TECNOL.DAS TELECOMUNICACOES,,
410049,FUNTTEL/FINEP - AGENTE FINANCEIRO DO FUNTTEL,,
413001,AGENCIA NACIONAL DE TELECOMUNICACOES-SEDE,,
420001,COORD.GERAL DE EXEC. ORCAMENTARIA E FINANCEIR,,
420013,SECRETARIA DE DESENV.AGROPECUARIO E COOPERAT.,,
420014,SECRET. DE FOMENTO E INCENTIVO A CULTURA/MINC,,
420017,ASSESSORIA DE COMUNICACAO SOCIAL,,
420020,COORDENACAO GERAL DE TECNOLOGIA DA INFORMACAO,,
420029,SEC. DA CIDADANIA E DA DIVERS. CULTURAL,,
420036,CENTRO TECNICO AUDIOVISUAL,,
420044,DIRET.DE PROG.ESPEC.DE INFRAESTRUT. CULTURAL,,
420045,CAIXA ECONOMICA FEDERAL - PAC/PRAÇAS/MINC,,
423002,IBRAM - SEDE,,
440040,SECRET.EXTRATIVISMO DESENV.RURAL SUSTENTAVEL,,
440068,PROJETO CORREDORES ECOLOGICOS - KFW,,
440075,SERVICO FLORESTAL BRASILEIRO,,
440078,DEP.REVITALIZACAO BACIAS HIDROGRAFICAS - DRBH,,
443001,AGENCIA NACIONAL DE AGUAS - GEEFI/SAF/ANA,,
443002,GESTAO RECURSOS HIDRICOS,,
443024,FUNDO NACIONAL DO MEIO AMBIENTE,,
443033,INSTITUTO CHICO MENDES - SEDE,,
443034,INST.CHICO MENDES DE CONS. DA BIO. - CABEDELO,,
443035,INST.CHICO MENDES DE CONS. DA BIO.- ATIBAIA,,
443036,INST.CHICO MENDES DE CONS. DA BIO.TERESOPOLIS,,
443043,INST.CHICO MENDES DE CONS. DA BIO.- AREMBEPE,,
443048,INST.CHICO MENDES DE CONSER. BIO - FOZ IGUAÇU,,
447156,ICMBIO - GEF-CERRADO,,
490009,SECRETARIA DE REORDENAMENTO AGRARIO,,
490011,MIN. DESENV. AGRARIO-ADMINISTRACAO DIRETA,,
490012,MIN. DO DESENVOLVIMENTO AGRARIO - CEF - SAF,,
490050,MINISTERIO DO DESENV. AGRÁRIO - SRA - CEF,,
495110,COMPANHIA DE PESQUISA DE RECURSOS MINERAIS,,
495130,COMPANHIA DE PESQUISA DE RECURSOS MINERAIS,,
495250,COMPANHIA DE PESQUISA DE RECURSOS MINERAIS,,
495260,COMPANHIA DE PESQUISA DE RECURSOS MINERAIS,,
495300,COMPANHIA DE PESQUISA DE RECURSOS MINERAIS,,
495350,COMPANHIA DE PESQUISA DE RECURSOS MINERAIS,,
495370,COMPANHIA DE PESQUISA DE RECURSOS MINERAIS,,
495400,COMPANHIA DE PESQUISA DE RECURSOS MINERAIS,,
495500,COMPANHIA DE PESQUISA DE RECURSOS MINERAIS,,
495550,COMPANHIA DE PESQUISA DE RECURSOS MINERAIS,,
495600,COMPANHIA DE PESQUISA DE RECURSOS MINERAIS,,
495650,COMPANHIA DE PESQUISA DE RECURSOS MINERAIS,,
495710,COMPANHIA DE PESQUISA DE RECURSOS MINERAIS,,
510030,GERÊNCIA EXECUTIVA TERESINA,,
510080,GERÊNCIA EXECUTIVA ARACAJU,,
510120,GERÊNCIA EXECUTIVA BELÉM,,
510135,GERÊNCIA EXECUTIVA MACAPÁ,,
510170,GERÊNCIA EXECUTIVA FLORIANÓPOLIS,,
510178,SUPERINTENDÊNCIA REGIONAL SUDESTE I,,
510180,SUPERINTENDÊNCIA REGIONAL SUDESTE II,,
510181,SUPERINTENDÊNCIA REGIONAL SUL,,
510188,GERÊNCIA EXECUTIVA CRICIÚMA,,
510190,GERÊNCIA EXECUTIVA BLUMENAU,,
510193,GERÊNCIA EXECUTIVA JOINVILLE,,
510280,GERÊNCIA EXECUTIVA CAMPO GRANDE,,
510297,GERÊNCIA EXECUTIVA DOURADOS,,
510350,GERÊNCIA EXECUTIVA VITÓRIA,,
510405,GERÊNCIA EXECUTIVA GOIÂNIA,,
510421,GERÊNCIA EXECUTIVA ANÁPOLIS,,
510510,GERÊNCIA EXECUTIVA JOÃO PESSOA,,
510525,GERÊNCIA EXECUTIVA CAMPINA GRANDE,,
510677,SUPERINTENDÊNCIA REGIONAL NORDESTE,,
510678,SUPERINTENDÊNCIA REGIONAL NORTE/CENTRO-OESTE,,
510685,GERÊNCIA EXECUTIVA PONTA GROSSA,,
510686,GERÊNCIA EXECUTIVA LONDRINA,,
510695,GERÊNCIA EXECUTIVA MARINGÁ,,
510699,GERÊNCIA EXECUTIVA CASCAVEL,,
510760,GERÊNCIA EXECUTIVA NATAL,,
510776,GERÊNCIA EXECUTIVA MOSSORÓ,,
510830,GERÊNCIA EXECUTIVA JUAZEIRO DO NORTE,,
510831,GERÊNCIA EXECUTIVA SOBRAL,,
510907,GERÊNCIA EXECUTIVA CAXIAS DO SUL,,
510909,GERÊNCIA EXECUTIVA NOVO HAMBURGO,,
510910,GERÊNCIA EXECUTIVA PELOTAS,,
510913,GERÊNCIA EXECUTIVA SANTA MARIA,,
510921,GERÊNCIA EXECUTIVA CANOAS,,
510923,GERÊNCIA EXECUTIVA URUGUAIANA,,
511080,GERÊNCIA EXECUTIVA CUIABÁ,,
511135,GERÊNCIA EXECUTIVA MACEIÓ,,
511195,GERÊNCIA EXECUTIVA PETROLINA,,
511199,GERÊNCIA EXECUTIVA CARUARU,,
511206,GERÊNCIA EXECUTIVA GARANHUNS,,
511270,GERÊNCIA EXECUTIVA SÃO LUÍS,,
511286,GERÊNCIA EXECUTIVA IMPERATRIZ,,
511328,GERÊNCIA EXECUTIVA SÃO PAULO-NORTE,,
511339,GERÊNCIA EXECUTIVA SÃO PAULO-SUL,,
511341,GERÊNCIA EXECUTIVA SÃO PAULO-LESTE,,
511393,GERÊNCIA EXECUTIVA TAUBATÉ,,
511397,GERÊNCIA EXECUTIVA OSASCO,,
511401,GERÊNCIA EXECUTIVA PIRACICABA,,
511413,GERÊNCIA EXECUTIVA SOROCABA,,
511417,GERÊNCIA EXECUTIVA PRESIDENTE PRUDENTE,,
511423,GERÊNCIA EXECUTIVA SÃO JOSÉ DOS CAMPOS,,
511425,GERÊNCIA EXECUTIVA JUNDIAÍ,,
511446,GERÊNCIA EXECUTIVA SANTOS,,
511656,GERÊNCIA EXECUTIVA SANTO ANTÔNIO DE JESUS,,
511669,GERÊNCIA EXECUTIVA BARREIRAS,,
511673,GERÊNCIA EXECUTIVA VITÓRIA DA CONQUISTA,,
511674,GERÊNCIA EXECUTIVA ITABUNA,,
511679,GERÊNCIA EXECUTIVA JUAZEIRO,,
511682,GERÊNCIA EXECUTIVA FEIRA DE SANTANA,,
511770,GERÊNCIA EXECUTIVA BELO HORIZONTE,,
511792,GERÊNCIA EXECUTIVA DIAMANTINA,,
511828,GERÊNCIA EXECUTIVA UBERABA,,
511829,GERÊNCIA EXECUTIVA BARBACENA,,
511842,GERÊNCIA EXECUTIVA GOVERNADOR VALADARES,,
511843,GERÊNCIA EXECUTIVA MONTES CLAROS,,
511845,GERÊNCIA EXECUTIVA CONTAGEM,,
511851,GERÊNCIA EXECUTIVA OURO PRETO,,
511853,GERÊNCIA EXECUTIVA POÇOS DE CALDAS,,
511857,GERÊNCIA EXECUTIVA TEÓFILO OTONI,,
512006,COORDENAÇÃO-GERAL DE LICITAÇÕES E CONTRATOS,,
512082,GERÊNCIA EXECUTIVA CAMPOS DOS GOYTACAZES,,
512086,GERÊNCIA EXECUTIVA PETRÓPOLIS,,
512087,GERÊNCIA EXECUTIVA DUQUE DE CAXIAS,,
530012,SECRETARIA NACIONAL DE DEFESA CIVIL - SEDEC,,
530013,SECRETARIA DE INFRA-ESTRUTURA HIDRICA - SIH,,
530020,CAIXA ECONOMICA FEDERAL - MI,,
530022,SECRETARIA NACIONAL DE IRRIGACAO,,
530023,SECRETARIA DE DESENVOLVIMENTO REGIONAL,,
533013,SUPERINTEND. DO DESENVOLVIMENTO DA AMAZONIA,,
533014,SUPERINTENDENCIA DO DESENVOLV. DO NORDESTE,,
533018,SUPERINT. DO DESENVOLVIMENTO DO CENTRO-OESTE,,
540004,COORDENACAO-GERAL DE RECURSOS LOGISTICOS-CGRL,,
540007,CEF/MINISTERIO DO TURISMO/MTUR,,
550005,COORDENACAO GERAL DE LOGISTICA E ADM/M.D.S.,,
550008,SECRETARIA NACIONAL DE SEG.ALIM E NUTRICIONAL,,
550013,PROJETO DE OPERACIONALIZ. DOS PROGRAMAS SESAN,,
550015,PROJETO DE OPERACION. DOS PROGRAMAS DA SNAS,,
550020,PROJ. DE OPERAC. DOS PROGRAMAS SESAN/BNB,,
560008,SECRETARIA NAC.DE ACESS.PROG.URBANOS MCIDADES,,
560010,COORDENACAO-GERAL DE RECURSOS LOGISTICOS,,
560018,CAIXA ECONOMICA FEDERAL - FNHIS,,
590003,CONSELHO NACIONAL DO MINISTÉRIO PÚBLICO,,
613000,COMISSAO DE PROMOCOES DE OFICIAIS,,
620000,ESTADO-MAIOR DA ARMADA,,
621000,ESCOLA DE GUERRA NAVAL,,
623000,CENTRO DE ANALISES DE SISTEMAS NAVAIS,,
631000,COMANDO DO MATERIAL DE FUZILEIROS NAVAIS,,
631050,BATALHAO NAVAL,,
632100,CENTRO DE INSTRUCAO ALTE. SYLVIO DE CAMARGO,,
632200,CENTRO INST.ALMIRANTE MILCIADES PORTELA ALVES,,
632300,CENTRO DE AVALIAÇÃO DA ILHA DA MARAMBAIA,,
632400,CENTRO DE EDUCAÇÃO FÍSICA ALTE ADALBE. NUNES,,
641002,AMRJ OMPS - I APOIO DE BASE,,
643000,DIRETORIA DE AERONAUTICA DA MARINHA,,
644000,DIRETORIA DE SISTEMAS DE ARMAS DA MARINHA,,
646000,DIRETORIA DE OBRAS CIVIS DA MARINHA,,
649000,DIR. DE COMUNIC. E TECNOLOGIA DA INF. MARINHA,,
651200,GRUPAMENTO DE NAVIOS HIDROCEANOGRAFICOS,,
651212,BASE DE HIDROGRAFIA DA MARINHA EM NITEROI,,
651500,CENTRO DE SINALIZAÇÃO NAUTICA ALM.MORAES REGO,,
660000,DIRETORIA-GERAL DO PESSOAL DA MARINHA,,
662000,DIRETORIA DE ENSINO DA MARINHA,,
662200,CENTRO DE INSTRUCAO ALMIRANTE WANDENKOLK,,
662300,COLEGIO NAVAL,,
662400,ESCOLA NAVAL,,
662500,SERVICO DE SELECAO DO PESSOAL DA MARINHA,,
662600,CENTRO DE INSTRUCAO ALMIRANTE ALEXANDRINO,,
664000,DIRETORIA DO PESSOAL MILITAR DA MARINHA,,
664100,SERVICO DE IDENTIFICACAO DA MARINHA,,
664200,SERVICO DE INATIVOS E PENSIONISTAS DA MARINHA,,
665000,DIRETORIA DE SAUDE DA MARINHA,,
665700,CENTRO MEDICO ASSISTENCIAL DA MARINHA,,
665701,HOSPITAL CENTRAL_DA MARINHA,,
665703,ODONTOCLINICA CENTRAL,,
665720,HOSPITAL NAVAL MARCILIO DIAS,,
667000,DIRETORIA DE ASSISTENCIA SOCIAL DA MARINHA,,
667100,SERVICO DE ASSISTENCIA SOCIAL DA MARINHA,,
667200,CASA DO MARINHEIRO,,
670200,COMISSAO NAVAL BRASILEIRA EM WASHINGTON,,
671000,DIRETORIA DE ABASTECIMENTO DA MARINHA,,
671210,DEPOSITO DE COMBUSTIVEIS_DA MB NO RIO JANEIRO,,
671280,CENTRO DE MUNICAO DA MARINHA,,
671300,CENTRO DE OBTENCAO DA MARINHA NO R.J.,,
673000,DIRETORIA DE FINANCAS DA MARINHA,,
680000,COMANDO DE OPERACOES NAVAIS,,
681000,COMANDO DO 1.DISTRITO NAVAL,,
681100,COMANDO DO GRUPAMENTO DE PATRULHA NAV. DO SUD,,
681331,DELEG. DA CAPIT. DOS PORTOS EM ANGRA DOS REIS,,
681332,DELEG. DA CAPITANIA DOS PORTOS EM ITACURUCA,,
681401,ESTACAO RADIOGONIOMETRICA MB EM CAMPOS NOVOS,,
682010,AGENCIA NACIONAL DE TRANSPORTES AQUAVIARIOS,,
684311,CAPITANIA FLUVIAL DE SANTAREM,,
684800,BASE NAVAL DE VAL-DE-CAES,,
685800,ESTACAO NAVAL DO RIO GRANDE,,
685810,CENTRO DE INTENDENCIA DA MARINHA EM RIO GRAND,,
686700,HOSPITAL NAVAL DE LADARIO,,
686800,BASE FLUVIAL DE LADARIO,,
686810,CENTRO DE INTENDENCIA DA MARINHA EM LADARIO,,
687000,COMANDO DO 7.DN,,
688310,CAPITANIA FLUVIAL DA AMAZONIA OCIDENTAL,,
688810,ESTACAO NAVAL DO RIO NEGRO,,
689000,COMANDO DO 8.DISTRITO NAVAL,,
689311,DEL.DA CAPITANIA DOS PORTOS EM SAO SEBASTIAO,,
689321,DELEGACIA FLUVIAL DE PRESIDENTE EPITACIO,,
690001,SECRETARIA DA MICRO E PEQUENA EMPRESA,,
691000,COMANDO-EM-CHEFE DA ESQUADRA,,
691180,BASE AEREA NAVAL DE SAO PEDRO DA ALDEIA,,
691500,COMANDO DA FORCA DE SUBMARINOS,,
691580,BASE ALMIRANTE CASTRO E SILVA,,
691590,CENTRO DE INSTR.E ADESTR.ALM.ATILA M.ACHE,,
691600,COMANDO DA FORCA DE SUPERFICIE,,
691610,COMANDO DO PRIMEIRO ESQUADRAO DE ESCOLTAS,,
691620,COMANDO DO SEGUNDO ESQUADRAO DE ESCOLTA,,
691660,COMANDO DO PRIMEIRO ESQUADRAO DE APOIO,,
691901,CENTRO DE ADESTRAMENTO ALM.MARQUES DE LEAO,,
691902,CENTRO DE APOIO A SISTEMAS OPERATIVOS,,
691904,CENTRO DE MANUTENCAO DE EMBARCACOES MIUDAS,,
695180,BASE DE FUZILEIROS NAVAIS DA I. DO GOVERNADOR,,
695380,BASE DE FUZILEIROS NAVAIS DA ILHA DAS FLORES,,
695400,BATALHAO DE OPERACOES ESPECIAIS DE FN,,
695500,BASE DE FUZILEIROS NAVAIS DO RIO MERITI,,
710100,TRIBUNAL MARITIMO,,
710300,AMAZÔNIA AZUL TECNOL. DE DEFESA S.A - AMAZUL,,
711000,GABINETE DO COMANDANTE DA MARINHA,,
711100,CENTRO DE COMUNICAÇÃO SOCIAL DA MARINHA,,
712000,SECRETARIA DA COMISSAO INTERMINIST.P/REC.MAR,,
713000,COMISSAO DE PROMOCOES DE OFICIAIS,,
714000,CENTRO DE INTELIGÊNCIA DA MARINHA,,
716000,PROCURADORIA ESPECIAL DA MARINHA,,
720000,ESTADO-MAIOR DA ARMADA,,
720301,INSTITUTO DE PESQUISAS DA MARINHA,,
721000,ESCOLA DE GUERRA NAVAL,,
723000,CENTRO DE ANALISES DE SISTEMAS NAVAIS,,
731000,COMANDO DO MATERIAL DE FUZILEIROS NAVAIS,,
731040,CENTRO TECNOLOGICO DO CORPO DE FUZ. NAVAIS,,
731050,BATALHAO NAVAL,,
732100,CENTRO DE INSTRUCAO ALTE. SYLVIO DE CAMARGO,,
732200,CENTRO INST.ALMIRANTE MILCIADES PORTELA ALVES,,
732300,CENTRO DE AVALIAÇÃO DA ILHA DA MARAMBAIA,,
732400,CENTRO DE EDUCAÇÃO FÍSICA ALTE ADALBE. NUNES,,
740000,DIRETORIA-GERAL DO MATERIAL DA MARINHA,,
740002,COORD-GERAL PROG. DESENV. SUBMAR. NUCLEAR,,
740003,COORD-GERAL PROG. DESENV. SUBMAR. NUCLEAR,,
740100,CENTRO DE PROJETO DE NAVIOS,,
740200,CENTRO DE MANUTENÇÃO DE SISTEMAS DA MARINHA,,
741002,ARMJ OMPS - I APOIO DE BASE,,
743000,DIRETORIA DE AERONAUTICA DA MARINHA,,
744000,DIRETORIA DE SISTEMAS DE ARMAS DA MARINHA,,
744030,CENTRO DE MISSEIS E ARMAS SUBMAR.DA MARINHA,,
745000,DIRETORIA DE ENGENHARIA NAVAL,,
746000,DIRETORIA DE OBRAS CIVIS DA MARINHA,,
749000,DIR. DE COMUNIC. E TECNOLOGIA DA INF. MARINHA,,
751212,BASE DE HIDROGRAFIA DA MARINHA EM NITEROI,,
752000,DIRETORIA DE PORTOS E COSTAS,,
752100,CENTRO DE INSTRUCAO ALMIRANTE GRACA ARANHA,,
753000,INSTITUTO DE EST. DO MAR ALTE PAULO MOREIRA,,
760000,DIRETORIA-GERAL DO PESSOAL DA MARINHA,,
762000,DIRETORIA DE ENSINO DA MARINHA,,
762200,CENTRO DE INSTRUCAO ALMIRANTE WANDENKOLK,,
762300,COLEGIO NAVAL,,
762400,ESCOLA NAVAL,,
762600,CENTRO DE INSTRUCAO ALMIRANTE ALEXANDRINO,,
763000,DIRETORIA DO PESSOAL CIVIL DA MARINHA,,
764100,SERVICO DE IDENTIFICACAO DA MARINHA,,
764200,SERVICO DE INATIVOS E PENSIONISTAS DA MARINHA,,
765000,DIRETORIA DE SAUDE DA MARINHA,,
765700,CENTRO MEDICO ASSISTENCIAL DA MARINHA,,
765701,HOSPITAL CENTRAL_DA MARINHA,,
765703,ODONTOCLINICA CENTRAL DA MARINHA,,
765704,POLICLINICA NAVAL NOSSA SENHORA DA GLORIA,,
765705,UNIDADE INTEGRADA DE SAUDE MENTAL,,
765706,SANATORIO NAVAL DE NOVA FRIBURGO,,
765710,CENTRO DE MEDICINA OPERATIVA DA MARINHA,,
765720,HOSPITAL NAVAL MARCILIO DIAS,,
765741,LABORATORIO FARMACEUTICO DA MARINHA,,
767200,CASA DO MARINHEIRO,,
770000,SECRETARIA-GERAL DA MARINHA,,
770100,COMISSAO NAVAL BRASILEIRA NA EUROPA - LONDRES,,
770200,COMISSAO NAVAL BRASILEIRA EM WASHINGTON,,
771000,DIRETORIA DE ABASTECIMENTO DA MARINHA,,
771210,DEPOSITO DE COMBUSTIVEIS_DA MB NO RIO JANEIRO,,
771280,CENTRO DE MUNICAO DA MARINHA,,
771300,CENTRO DE OBTENCAO DA MARINHA NO R.J.,,
773000,DIRETORIA DE FINANCAS DA MARINHA,,
773201,PAGADORIA DE PESSOAL DA MARINHA EXTERIOR.,,
773202,PAGADORIA DO PESSOAL DA MARINHA -PAPEM-OM,,
778000,CAIXA DE CONSTR DE CASAS P/ O PESSOAL DA MARI,,
779000,DIR. DE PATR. HIST. E DOCUMENTAÇÃO DA MARINHA,,
780000,COMANDO DE OPERACOES NAVAIS,,
781000,COMANDO DO 1.DISTRITO NAVAL,,
781100,COMANDO DO GRUPAMENTO DE PATRULHA NAV. DO SUD,,
781331,DELEG. DA CAPIT. DOS PORTOS EM ANGRA DOS REIS,,
781332,DELEG. DA CAPITANIA DOS PORTOS EM ITACURUCA,,
781333,DELEGACIA DA CAPITANIA DOS PORTOS EM MACAE,,
781401,ESTACAO RADIOGONIOMETRICA MB EM CAMPOS NOVOS,,
782330,CAPITANIA FLUVIAL DO SAO FRANCISCO,,
782801,BASE NAVAL DE ARATU,,
783701,HOSPITAL NAVAL DE NATAL,,
783800,BASE NAVAL DE NATAL,,
783810,CENTRO DE INTENDENCIA DA MARINHA EM NATAL,,
784700,HOSPITAL NAVAL DE BELEM,,
784800,BASE NAVAL DE VAL-DE-CAES,,
784810,CENTRO DE INTENDENCIA DA MARINHA EM BELEM,,
785800,ESTACAO NAVAL DO RIO GRANDE,,
785810,CENTRO DE INTENDENCIA DA MARINHA EM RIO GRAND,,
786700,HOSPITAL NAVAL DE LADARIO,,
786800,BASE FLUVIAL DE LADARIO,,
786810,CENTRO DE INTENDENCIA DA MARINHA EM LADARIO,,
787000,COMANDO DO 7.DN,,
788310,CAPITANIA FLUVIAL DA AMAZONIA OCIDENTAL,,
788810,ESTACAO NAVAL DO RIO NEGRO,,
789000,COMANDO DO 8.DISTRITO NAVAL,,
789311,DEL.DA CAPITANIA DOS PORTOS EM SAO SEBASTIAO,,
789321,DELEGACIA FLUVIAL DE PRESIDENTE EPITACIO,,
791000,COMANDO-EM-CHEFE DA ESQUADRA,,
791180,BASE AEREA NAVAL DE SAO PEDRO DA ALDEIA,,
791500,COMANDO DA FORCA DE SUBMARINOS,,
791580,BASE ALMIRANTE CASTRO E SILVA,,
791590,CENTRO DE INSTR.E ADESTR.ALM.ATILA M.ACHE,,
791600,COMANDO DA FORCA DE SUPERFICIE,,
791610,COMANDO DO PRIMEIRO ESQUADRAO DE ESCOLTAS,,
791620,COMANDO DO SEGUNDO ESQUADRAO DE ESCOLTA,,
791660,COMANDO DO PRIMEIRO ESQUADRAO DE APOIO,,
791901,CENTRO DE ADESTRAMENTO ALM.MARQUES DE LEAO,,
791904,CENTRO DE MANUTENCAO DE EMBARCACOES MIUDAS,,
795180,BASE DE FUZILEIROS NAVAIS DA I. DO GOVERNADOR,,
795380,BASE DE FUZILEIROS NAVAIS DA ILHA DAS FLORES,,
795400,BATALHAO DE OPERACOES ESPECIAIS DE FN,,
795500,BASE DE FUZILEIROS NAVAIS DO RIO MERITI,,
852000,DIRETORIA DE PORTOS E COSTAS,,
852100,CENTRO DE INSTRUCAO ALMIRANTE GRACA ARANHA,,
865720,HOSPITAL NAVAL MARCILIO DIAS,,
881331,DELEG. DA CAPIT. DOS PORTOS EM ANGRA DOS REIS,,
881332,DELEG. DA CAPITANIA DOS PORTOS EM ITACURUCA,,
881333,DELEGACIA DA CAPITANIA DOS PORTOS EM MACAE,,
882311,DELEG.CAPITANIA PORTOS EM ILHEUS,,
882330,CAPITANIA FLUVIAL DO SAO FRANCISCO,,
883810,CENTRO DE INTENDENCIA DA MARINHA EM NATAL,,
884311,CAPITANIA FLUVIAL DE SANTAREM,,
884312,CAPITANIA DOS PORTOS DO AMAPÁ,,
884810,CENTRO DE INTENDENCIA DA MARINHA EM BELEM,,
885800,ESTACAO NAVAL DO RIO GRANDE,,
885810,CENTRO DE INTENDENCIA DA MARINHA EM RIO GRAND,,
886810,CENTRO DE INTENDENCIA DA MARINHA EM LADARIO,,
887000,COMANDO DO 7.DN,,
888310,CAPITANIA FLUVIAL DA AMAZONIA OCIDENTAL,,
889311,DEL.DA CAPITANIA DOS PORTOS EM SAO SEBASTIAO,,
889321,DELEGACIA FLUVIAL DE PRESIDENTE EPITACIO,,
891590,CENTRO DE INSTR.E ADESTR.ALM.ATILA M.ACHE,,
